Country Name,Country Code,Series Name,Series Code,1993 [YR1993],1994 [YR1994],1995 [YR1995],1996 [YR1996],1997 [YR1997],1998 [YR1998],1999 [YR1999],2000 [YR2000],2001 [YR2001],2002 [YR2002],2003 [YR2003],2004 [YR2004],2005 [YR2005],2006 [YR2006],2007 [YR2007],2008 [YR2008],2009 [YR2009],2010 [YR2010],2011 [YR2011],2012 [YR2012],2013 [YR2013],2014 [YR2014],2015 [YR2015],2016 [YR2016],2017 [YR2017],2018 [YR2018],2019 [YR2019],2020 [YR2020],2021 [YR2021],2022 [YR2022],2023 [YR2023],2024 [YR2024],2025 [YR2025]
Afghanistan,AFG,"Birth rate, crude (per 1,000 people)",SP.DYN.CBRT.IN,50.834,52.41,52.683,52.491,52.117,51.457,50.948,51.491,49.623,47.488,47.056,46.492,44.952,44.087,43.831,42.538,42.162,41.759,40.973,40.702,40.288,39.646,39.364,38.732,38.171,37.624,37.138,36.601,36.342,36.045,35.437,35.007,..
Albania,ALB,"Birth rate, crude (per 1,000 people)",SP.DYN.CBRT.IN,24.194,23.85,23.263,22.145,20.762,19.609,18.487,17.513,16.596,15.585,15.616,14.7,13.862,12.977,12.439,12.209,12.326,12.373,12.406,12.868,13.137,13.071,12.431,11.873,11.416,10.898,10.757,10.536,10.512,10.305,10.244,10.131,..
Algeria,DZA,"Birth rate, crude (per 1,000 people)",SP.DYN.CBRT.IN,28.138,27.29,24.56,22.352,20.738,19.603,19.453,19.574,19.405,19.096,19.614,20.337,21.136,21.998,22.873,23.735,24.189,24.556,24.76,25.656,25.524,26.063,25.811,25.439,25.015,24.063,23.379,22.43,21.392,20.491,19.625,18.837,..
American Samoa,ASM,"Birth rate, crude (per 1,000 people)",SP.DYN.CBRT.IN,37.766,35.621,33.087,31.193,30.225,29.799,29.509,29.234,28.79,28.465,28.502,28.479,27.578,26.017,24.482,23.625,22.976,22.361,21.784,21.266,20.73,20.317,19.821,19.141,18.206,17.204,16.304,15.658,15.649,15.522,15.388,14.994,..
Andorra,AND,"Birth rate, crude (per 1,000 people)",SP.DYN.CBRT.IN,12.694,12.863,12.83,12.721,12.866,13.027,13.197,11.54,11.405,10.728,9.537,10.253,10.502,10.498,10.04,10.46,10.101,10.742,10.469,10.172,9.03,8.973,9.132,8.432,7.831,7.159,6.993,6.831,6.828,6.85,6.859,6.852,..
Angola,AGO,"Birth rate, crude (per 1,000 people)",SP.DYN.CBRT.IN,49.087,48.733,48.38,47.979,47.564,47.206,46.997,46.853,46.771,46.666,46.551,46.46,46.342,46.123,45.838,45.507,45.175,44.661,44.136,43.61,43.065,42.503,41.847,41.183,40.595,40.057,39.539,39.127,38.67,38.102,37.588,37.158,..
Antigua and Barbuda,ATG,"Birth rate, crude (per 1,000 people)",SP.DYN.CBRT.IN,18.322,18.739,19.625,20.632,19.948,18.308,17.687,19.72,17.973,17.106,16.443,15.947,15.613,15.461,15.59,16.994,16.578,14.66,14.259,13.456,12.436,12.31,12.587,11.657,11.796,10.822,11.5,12.18,12.135,12.001,11.848,11.747,..
Argentina,ARG,"Birth rate, crude (per 1,000 people)",SP.DYN.CBRT.IN,21.596,21.414,20.954,20.422,19.957,19.707,19.644,19.328,18.94,18.702,18.41,18.295,18.306,18.161,17.967,18.462,18.231,18.314,18.172,17.48,17.683,18.019,17.665,16.789,16.155,15.332,13.902,11.799,11.682,10.926,11.064,11.086,..
Armenia,ARM,"Birth rate, crude (per 1,000 people)",SP.DYN.CBRT.IN,18.304,15.791,14.801,14.49,13.224,12.605,11.439,10.6,10,10.1,11.3,11.8,11.9,12,12.9,13.3,14.5,14.7,14.3,14,13.8,14.3,13.9,13.5,12.6,12.3,12.2,12.3,12.4,12.3,12.3,11.1,..
Aruba,ABW,"Birth rate, crude (per 1,000 people)",SP.DYN.CBRT.IN,18.145,16.947,17.781,17.49,16.883,14.867,13.953,14.26,13.813,13.337,13.358,12.54,12.936,13.681,13.38,13.07,12.332,11.941,12.175,12.592,12.548,12.864,11.556,11.625,11.477,10.807,10.842,9.688,9.461,8.527,7.973,7.593,..
Australia,AUS,"Birth rate, crude (per 1,000 people)",SP.DYN.CBRT.IN,14.7,14.5,14.2,13.9,13.6,13.3,13.1,13,12.7,12.8,12.6,12.3,12.8,12.9,14.1,14,13.9,13.7,13.6,13.7,13.3,13.2,12.9,12.9,12.6,12.6,12.1,11.5,12.1,11.6,10.8,10.7,..
Austria,AUT,"Birth rate, crude (per 1,000 people)",SP.DYN.CBRT.IN,12,11.6,11.2,11.2,10.5,10.2,9.8,9.8,9.4,9.7,9.5,9.7,9.5,9.4,9.2,9.3,9.2,9.4,9.3,9.4,9.4,9.6,9.8,10,10,9.7,9.6,9.4,9.6,9.1,8.5,8.4,..
Azerbaijan,AZE,"Birth rate, crude (per 1,000 people)",SP.DYN.CBRT.IN,23.7,21.4,18.9,16.6,16.8,15.7,14.7,14.5,13.6,13.5,13.8,15.8,16.9,17.6,17.7,17.4,17,18.3,19.2,18.8,18.3,17.9,17.2,16.3,14.6,14,14.1,12.5,11.1,12.1,11.1,10,..
"Bahamas, The",BHS,"Birth rate, crude (per 1,000 people)",SP.DYN.CBRT.IN,23.007,21.711,21.147,20.44,19.768,19.076,18.061,17.254,16.787,16.299,16.024,15.967,16.086,16.028,16.125,15.831,15.918,14.565,14.273,14.075,13.902,13.503,12.607,11.983,11.421,11.263,11.195,11.115,11.023,10.942,10.852,10.817,..
Bahrain,BHR,"Birth rate, crude (per 1,000 people)",SP.DYN.CBRT.IN,24.743,23.411,22.27,21.332,21.026,20.885,21.054,20.431,19.082,19.147,19.692,19.86,19.354,18.079,16.962,16.186,15.462,15.486,15.441,15.438,15.585,15.625,15.36,14.623,14.071,13.641,13.318,12.813,13.042,13.282,12.46,12.033,..
Bangladesh,BGD,"Birth rate, crude (per 1,000 people)",SP.DYN.CBRT.IN,31.405,31.084,30.355,30.031,30.377,30.183,29.865,29.589,29.174,28.526,27.745,26.994,26.055,25.252,24.526,23.685,22.829,21.874,21.114,20.709,20.55,20.298,20.254,20.226,19.991,20.069,20.131,20.289,20.414,20.583,20.353,19.988,..
Barbados,BRB,"Birth rate, crude (per 1,000 people)",SP.DYN.CBRT.IN,15.469,14.957,14.485,13.991,13.527,13.097,14.142,15.147,15.053,14.219,14.044,13.472,12.913,12.553,12.85,12.756,12.756,12.768,12.46,12.153,12.029,11.905,11.798,11.706,11.628,11.539,11.446,11.334,11.287,11.249,11.173,11.117,..
Belarus,BLR,"Birth rate, crude (per 1,000 people)",SP.DYN.CBRT.IN,11.5,10.8,9.9,9.4,8.9,9.2,9.3,9.4,9.2,8.9,9,9.1,9.3,9.9,10.7,11.1,11.4,11.4,11.5,12.2,12.5,12.5,12.5,12.4,10.8,9.9,9.3,8.886,8.624,8.062,7.136,7.031,..
Belgium,BEL,"Birth rate, crude (per 1,000 people)",SP.DYN.CBRT.IN,12,11.5,11.4,11.5,11.4,11.2,11.2,11.4,11.2,10.9,11,11.3,11.4,11.6,11.7,11.9,11.8,11.9,11.7,11.5,11.3,11.2,10.8,10.8,10.5,10.4,10.2,9.9,10.2,9.8,9.4,9.2,..
Belize,BLZ,"Birth rate, crude (per 1,000 people)",SP.DYN.CBRT.IN,33.445,31.926,31.463,30.665,30.604,30.937,30.873,30.213,29.412,28.691,27.92,27.272,26.722,25.52,24.448,23.683,22.749,21.974,22.011,22.002,22.055,21.972,21.698,21.374,21.286,21.144,19.335,18.353,16.539,17.391,18.025,18.051,..
Benin,BEN,"Birth rate, crude (per 1,000 people)",SP.DYN.CBRT.IN,44.07,45.699,44.35,43.738,43.381,43.007,42.548,42.079,41.695,41.48,41.475,41.329,41.087,41.341,40.961,40.371,39.982,39.77,39.691,39.706,39.582,39.342,38.996,38.554,37.84,36.955,36.036,35.331,34.779,34.35,33.879,33.419,..
Bermuda,BMU,"Birth rate, crude (per 1,000 people)",SP.DYN.CBRT.IN,14.044,13.533,13.102,12.853,12.396,13.156,13.189,12.86,13.356,12.635,12.096,11.583,11.379,11.128,11.608,11.469,11.768,11.579,10.082,9.632,9.393,8.844,9.055,9.171,8.81,8.407,8.375,8.678,8.21,8.183,8.046,7.92,..
Bhutan,BTN,"Birth rate, crude (per 1,000 people)",SP.DYN.CBRT.IN,35.469,34.572,33.302,31.279,29.655,28.29,26.833,25.18,23.865,22.657,21.706,21.261,21.114,20.971,20.795,20.293,19.641,18.901,18.224,17.589,17.065,16.422,15.656,14.81,13.759,12.941,12.421,12.952,12.892,12.807,12.663,12.525,..
Bolivia,BOL,"Birth rate, crude (per 1,000 people)",SP.DYN.CBRT.IN,34.083,33.4,32.758,32.267,31.449,30.966,30.572,29.846,29.12,28.53,28.135,27.689,27.332,27.342,26.874,26.441,26.017,25.619,25.221,24.83,24.437,24.041,23.653,23.272,22.911,22.574,22.257,21.996,21.808,21.566,21.247,21.026,..
Bosnia and Herzegovina,BIH,"Birth rate, crude (per 1,000 people)",SP.DYN.CBRT.IN,12.982,11.972,10.678,11.19,12.443,11.995,10.666,10.231,9.977,10.11,10.068,10.125,9.81,9.551,9.555,9.533,9.761,9.464,8.865,8.87,8.735,8.399,8.515,8.482,8.568,8.803,8.561,8.353,8.011,7.748,7.714,7.72,..
Botswana,BWA,"Birth rate, crude (per 1,000 people)",SP.DYN.CBRT.IN,31.915,31.27,29.894,28.613,27.91,27.747,27.731,27.936,27.907,27.647,27.393,27.309,27.706,28.141,28.335,28.396,28.396,28.365,28.038,27.742,27.183,26.795,26.475,26.254,26.073,25.897,25.751,25.532,25.422,25.253,24.713,24.361,..
Brazil,BRA,"Birth rate, crude (per 1,000 people)",SP.DYN.CBRT.IN,22.95,22.525,22.283,21.872,21.584,21.221,20.581,19.879,19.185,18.49,17.819,17.5,17.176,16.691,16.243,15.801,15.564,15.338,15.141,14.935,14.785,14.784,14.684,14.146,14.123,14.022,13.548,12.995,12.754,12.555,12.322,12.133,..
British Virgin Islands,VGB,"Birth rate, crude (per 1,000 people)",SP.DYN.CBRT.IN,16.892,15.152,15.836,16.471,17.044,12.647,14.466,14.539,11.724,9.746,10.472,12.245,11.138,10.389,11.059,10.7,10.273,9.93,9.929,9.322,9.313,10.821,10.234,9.545,6.925,6.982,8.071,8.174,8.397,8.416,8.332,8.218,..
Brunei Darussalam,BRN,"Birth rate, crude (per 1,000 people)",SP.DYN.CBRT.IN,25.572,24.479,23.37,22.375,21.611,20.999,20.351,19.803,19.298,18.685,18.036,17.365,16.713,16.262,15.943,16.015,16.241,16.577,16.966,17.096,16.913,16.627,16.239,15.785,15.334,14.924,14.572,14.284,14.06,13.847,13.59,13.328,..
Bulgaria,BGR,"Birth rate, crude (per 1,000 people)",SP.DYN.CBRT.IN,10,9.4,8.6,8.6,7.7,7.9,8.8,9,8.5,8.5,8.7,9.1,9.3,9.7,10,10.4,10.9,10.2,9.6,9.5,9.3,9.6,9.4,9.4,9.4,9.3,9.3,9,9,8.8,8.9,8.3,..
Burkina Faso,BFA,"Birth rate, crude (per 1,000 people)",SP.DYN.CBRT.IN,46.153,46.016,46.043,46.074,45.902,45.576,45.237,45.239,44.907,44.483,44.491,44.124,44.058,44.381,44.191,43.923,43.511,43.2,42.76,42.28,41.703,40.862,40.043,38.925,37.727,36.006,34.325,32.738,32.416,32.043,31.643,31.336,..
Burundi,BDI,"Birth rate, crude (per 1,000 people)",SP.DYN.CBRT.IN,48.909,37.461,44.965,44.757,42.237,41.389,42.211,42.726,43.035,44.042,44.528,45.29,46.154,46.575,46.726,46.656,46.489,46.963,45.978,44.758,43.899,42.901,42.257,40.096,38.618,37.215,36.579,35.855,35.06,34.306,33.667,33.211,..
Cabo Verde,CPV,"Birth rate, crude (per 1,000 people)",SP.DYN.CBRT.IN,37.709,35.957,34.209,32.511,31.128,30.137,29.027,27.862,26.762,25.701,24.746,23.943,22.797,21.612,20.583,19.857,19.504,20.42,20.578,19.108,18.401,18.079,17.459,17.32,16.8,15.451,14.288,13.142,12.569,12.438,12.33,12.222,..
Cambodia,KHM,"Birth rate, crude (per 1,000 people)",SP.DYN.CBRT.IN,44.443,42.345,38.818,35.811,31.67,30.36,29.12,28.466,28.11,27.528,26.88,26.261,26.104,26.127,26.209,25.88,25.625,25.036,24.631,24.578,24.56,24.403,24.218,23.956,23.655,23.372,22.988,22.409,21.905,21.279,20.752,20.309,..
Cameroon,CMR,"Birth rate, crude (per 1,000 people)",SP.DYN.CBRT.IN,42.664,42.247,41.734,41.196,40.935,40.993,41.098,40.878,40.669,40.8,41.074,41.275,41.319,41.115,40.897,40.665,40.359,39.837,39.217,38.651,38.076,37.548,37.719,37.775,37.516,36.899,36.183,35.438,34.778,34.268,33.743,33.344,..
Canada,CAN,"Birth rate, crude (per 1,000 people)",SP.DYN.CBRT.IN,13.6,13.3,12.9,12.4,11.7,11.4,11.1,10.7,10.8,10.5,10.6,10.6,10.7,11,11.3,11.5,11.4,11.2,11,11,10.9,10.9,10.7,10.6,10.3,10.1,9.9,9.5,9.8,9.1,8.8,8.9,..
Cayman Islands,CYM,"Birth rate, crude (per 1,000 people)",SP.DYN.CBRT.IN,16.743,16.688,16.71,16.663,16.485,16.166,15.841,15.444,15.211,15.025,14.916,14.875,14.777,14.739,14.803,14.915,15.015,14.69,14.099,13.072,12.215,11.241,10.64,10.296,10.175,10.584,12.435,12.716,12.581,12.192,11.838,11.56,..
Central African Republic,CAF,"Birth rate, crude (per 1,000 people)",SP.DYN.CBRT.IN,44.698,44.188,44.113,43.663,43.023,42.556,42.311,42.058,41.95,41.407,41.704,41.558,41.775,42.193,42.192,42.457,43.644,44.961,45.314,45.147,44.657,44.647,43.338,43.391,43.742,43.838,44.108,44.475,45.226,45.425,46.358,46.193,..
Chad,TCD,"Birth rate, crude (per 1,000 people)",SP.DYN.CBRT.IN,54.237,52.201,51.582,52.971,52.416,52.244,51.83,51.589,51.241,50.473,50.028,50.375,50.672,50.303,50.107,49.53,49.257,48.979,48.49,48.177,47.429,47.052,46.51,45.533,44.917,44.401,44.316,43.75,43.284,43.35,42.396,43.264,..
Channel Islands,CHI,"Birth rate, crude (per 1,000 people)",SP.DYN.CBRT.IN,12.2,12.4,12.1,12.3,12.2,12,11.8,11.4,11.1,10.8,10.9,10.7,10.2,10.2,10.5,10.5,10.5,10.5,10.5,10.3,10.1,9.8,9.5,9.2,8.8,8.5,8.3,8.2,8.2,8.2,8.2,8.2,..
Chile,CHL,"Birth rate, crude (per 1,000 people)",SP.DYN.CBRT.IN,20.413,19.823,19.473,18.753,17.942,17.372,16.655,16.322,15.914,15.249,14.789,14.415,14.23,13.995,14.194,14.353,14.363,14.23,14.017,13.776,13.622,13.473,13.147,12.685,11.763,11.698,10.94,10.097,9.07,9.672,8.963,8.723,..
China,CHN,"Birth rate, crude (per 1,000 people)",SP.DYN.CBRT.IN,18.09,17.7,17.12,16.98,16.57,15.64,14.64,14.03,13.38,12.86,12.41,12.29,12.4,12.09,12.1,12.14,11.95,11.9,13.27,14.57,13.03,13.83,11.99,13.57,12.64,10.86,10.41,8.52,7.52,6.77,6.39,6.77,..
Colombia,COL,"Birth rate, crude (per 1,000 people)",SP.DYN.CBRT.IN,26.486,25.979,25.107,24.305,23.964,23.629,22.886,22.258,21.722,21.352,20.928,20.278,19.579,18.965,18.552,18.191,17.656,16.93,16.321,15.986,15.63,15.258,14.764,14.271,14.177,14.195,14.218,14.106,13.947,13.731,13.475,13.251,..
Comoros,COM,"Birth rate, crude (per 1,000 people)",SP.DYN.CBRT.IN,41.008,39.747,38.854,38.124,37.252,36.417,35.731,35.359,35.089,34.744,34.459,34.333,34.445,34.3,34.137,34.099,34.279,34.437,34.512,34.241,33.856,33.322,32.78,32.093,31.35,30.91,30.447,29.985,29.498,29.062,28.653,28.232,..
"Congo, Dem. Rep.",COD,"Birth rate, crude (per 1,000 people)",SP.DYN.CBRT.IN,45.881,45.341,47.204,46.999,45.986,44.939,45.228,45.298,44.977,44.559,44.155,43.781,43.728,43.973,43.961,44.011,44.032,43.92,43.981,43.95,43.69,43.505,43.236,42.875,42.976,42.887,42.549,42.19,41.937,41.623,41.305,40.885,..
"Congo, Rep.",COG,"Birth rate, crude (per 1,000 people)",SP.DYN.CBRT.IN,38.558,38.64,38.459,38.362,38.367,37.521,37.049,36.164,37.087,37.316,36.955,37.113,37.033,37.097,37.217,38,38.009,38.911,38.403,37.82,36.824,35.819,34.932,34.093,33.413,32.784,32.183,31.741,31.377,30.941,30.627,30.424,..
Costa Rica,CRI,"Birth rate, crude (per 1,000 people)",SP.DYN.CBRT.IN,24.274,23.638,22.977,22.189,21.481,21.041,20.736,20.237,19.408,18.188,17.572,17.136,17.253,16.429,16.604,16.806,16.525,15.407,15.759,15.461,14.77,14.848,14.704,14.184,13.812,13.622,12.661,11.366,10.543,10.319,10.179,9.991,..
Cote d'Ivoire,CIV,"Birth rate, crude (per 1,000 people)",SP.DYN.CBRT.IN,44.844,44.169,44.101,43.969,44.081,44.183,44.24,44.278,43.902,43.4,42.802,42.276,41.927,41.441,40.961,40.474,40.745,40.936,40.846,40.688,40.451,39.841,38.768,37.742,36.58,35.081,34.306,33.651,33.081,32.5,31.99,31.564,..
Croatia,HRV,"Birth rate, crude (per 1,000 people)",SP.DYN.CBRT.IN,10.6,10.4,10.9,11.8,12.2,10.4,10,9.8,9.2,9,8.9,9.1,9.563,9.33,9.4,9.9,10.1,9.8,9.6,9.8,9.4,9.4,9,9.1,9,9.3,9.1,9.2,9.4,8.8,8.3,8.3,..
Cuba,CUB,"Birth rate, crude (per 1,000 people)",SP.DYN.CBRT.IN,14.134,13.655,13.488,12.975,13.793,13.674,13.475,12.857,12.424,12.534,12.114,11.262,10.619,9.874,10.021,10.911,11.536,11.428,11.771,11.241,11.156,10.873,10.938,10.299,10.115,10.172,9.668,9.257,8.814,8.662,8.706,8.62,..
Curacao,CUW,"Birth rate, crude (per 1,000 people)",SP.DYN.CBRT.IN,20.273,19.71,19.165,18.57,17.875,17.103,16.492,16.479,16.374,15.248,14.452,13.791,13.391,13.6,13.4,13.8,13,13.6,13.1,13.4,12.7,12.6,11.9,11.2,9.7,10.5,10.1,8.7,8.5,8,7.6,7.2,..
Cyprus,CYP,"Birth rate, crude (per 1,000 people)",SP.DYN.CBRT.IN,17.592,16.734,15.543,14.85,14.066,13.318,12.675,12.493,12.045,11.611,11.751,11.894,11.702,12.023,11.633,11.987,12.07,11.844,11.344,11.609,11.027,11.141,11.242,11.505,11.158,11.029,11.014,11.142,11.236,11.048,10.799,10.517,..
Czechia,CZE,"Birth rate, crude (per 1,000 people)",SP.DYN.CBRT.IN,11.7,10.3,9.3,8.8,8.8,8.8,8.7,8.9,8.9,9.1,9.2,9.6,10,10.3,11.1,11.5,11.3,11.2,10.4,10.3,10.2,10.4,10.5,10.7,10.8,10.7,10.5,10.3,10.6,9.5,8.4,7.7,..
Denmark,DNK,"Birth rate, crude (per 1,000 people)",SP.DYN.CBRT.IN,13,13.4,13.3,12.9,12.8,12.5,12.4,12.6,12.2,11.9,12,12,11.9,12,11.7,11.8,11.4,11.4,10.6,10.4,10,10.1,10.2,10.8,10.6,10.6,10.5,10.4,10.8,9.9,9.7,9.5,..
Djibouti,DJI,"Birth rate, crude (per 1,000 people)",SP.DYN.CBRT.IN,37.125,37.197,35.893,34.789,33.653,33.47,33.531,33.459,33.267,33.006,32.678,31.601,30.568,29.391,28.485,27.554,26.905,26.291,25.657,25.061,24.592,24.094,23.567,23.061,22.703,22.313,21.913,21.578,21.308,21.032,20.769,20.931,..
Dominica,DMA,"Birth rate, crude (per 1,000 people)",SP.DYN.CBRT.IN,26.151,24.148,21.94,20.429,19.093,18.162,19.029,17.923,18.017,16.187,15.605,15.239,15.019,15.546,15.12,14.668,14.252,13.986,13.719,13.87,13.294,13.684,13.106,12.922,11.813,11.636,11.512,11.404,11.251,11.146,11.09,10.98,..
Dominican Republic,DOM,"Birth rate, crude (per 1,000 people)",SP.DYN.CBRT.IN,29.149,28.529,27.877,27.267,26.163,25.344,25.4,25.557,25.069,24.385,23.738,23.103,22.464,21.86,21.829,22.12,22.344,22.167,21.871,21.522,21.179,20.844,20.538,20.239,20.009,19.848,19.43,18.957,18.571,18.255,17.931,17.62,..
Ecuador,ECU,"Birth rate, crude (per 1,000 people)",SP.DYN.CBRT.IN,28.711,28.181,27.889,27.658,27.108,26.62,26.139,25.645,25.142,24.655,24.18,23.73,23.317,22.968,22.604,22.501,22.427,21.887,21.78,20.944,19.656,18.896,18.357,17.622,17.677,17.523,16.924,16.391,15.882,15.423,15.033,14.82,..
"Egypt, Arab Rep.",EGY,"Birth rate, crude (per 1,000 people)",SP.DYN.CBRT.IN,30.108,29.246,28.58,28.21,28.215,28.303,27.894,27.392,27.252,27.076,26.866,26.569,26.566,26.562,26.849,26.976,27.209,27.491,27.476,28.117,28.591,28.393,28.184,26.679,26.1,23.592,22.267,22.004,21.154,21.091,21.004,20.915,..
El Salvador,SLV,"Birth rate, crude (per 1,000 people)",SP.DYN.CBRT.IN,31.343,30.965,30.788,30.298,29.566,29.39,28.327,27.132,25.826,24.406,23.144,22.065,21.373,20.972,20.566,20.045,19.835,19.69,19.618,19.39,19.185,19.014,18.579,17.73,17.122,16.683,16.57,16.303,16.15,15.92,15.758,15.597,..
Equatorial Guinea,GNQ,"Birth rate, crude (per 1,000 people)",SP.DYN.CBRT.IN,44.868,44.475,43.888,43.324,42.781,42.268,41.783,40.795,40.426,40.174,39.991,39.832,39.915,39.682,39.388,39.005,38.548,38.018,37.495,36.773,36.034,35.282,34.531,33.792,33.07,32.4,31.783,31.351,30.703,30.123,29.604,29.994,..
Eritrea,ERI,"Birth rate, crude (per 1,000 people)",SP.DYN.CBRT.IN,40.853,42.145,39.469,43.277,41.218,39.91,38.424,37.969,36.353,37.081,35.894,37,36.369,36.179,34.965,34.136,34.213,33.453,33.032,32.41,31.702,31.456,30.554,30.092,29.551,29.195,29.119,28.872,28.818,28.675,28.544,28.719,..
Estonia,EST,"Birth rate, crude (per 1,000 people)",SP.DYN.CBRT.IN,10.2,9.7,9.4,9.4,9,8.8,9,9.4,9.1,9.4,9.5,10.3,10.6,11,11.8,12,11.8,11.9,11.1,10.6,10.3,10.3,10.6,10.7,10.5,10.9,10.6,9.9,10,8.6,8,7.1,..
Eswatini,SWZ,"Birth rate, crude (per 1,000 people)",SP.DYN.CBRT.IN,37.905,37.33,33.978,33.131,32.383,32.157,32.488,32.59,32.44,32.247,32.333,32.557,32.535,32.232,32.163,32.28,31.889,30.867,30.402,29.952,29.646,29.02,28.308,27.623,26.926,26.412,25.889,25.39,24.957,24.611,24.073,23.648,..
Ethiopia,ETH,"Birth rate, crude (per 1,000 people)",SP.DYN.CBRT.IN,50.063,49.627,49,48.551,47.862,46.985,46.393,45.59,44.987,44.264,43.334,42.712,42.104,41.086,40.054,38.886,37.538,36.571,35.671,34.563,33.644,33.408,33.331,33.329,33.222,33.394,33.549,33.31,32.876,32.413,31.903,31.469,..
Faroe Islands,FRO,"Birth rate, crude (per 1,000 people)",SP.DYN.CBRT.IN,16.3,14.8,14.8,15.6,15.2,14.1,14,15.3,13.7,15.1,14.8,14.8,14.7,13.8,14,13.8,12.7,13.2,12,12.8,13,13.3,12.5,13.8,13.2,13.6,13.3,13.1,13,11.8,10.6,10.8,..
Fiji,FJI,"Birth rate, crude (per 1,000 people)",SP.DYN.CBRT.IN,27.693,27.091,26.767,26.476,25.765,25.189,24.725,24.328,24.272,24.339,24.265,24.128,24.003,23.964,23.716,23.293,22.839,22.328,21.76,21.583,21.495,21.291,20.998,20.55,20.029,19.601,19.226,18.828,18.55,18.242,17.996,17.864,..
Finland,FIN,"Birth rate, crude (per 1,000 people)",SP.DYN.CBRT.IN,12.8,12.8,12.3,11.8,11.5,11.1,11.1,11,10.8,10.7,10.9,11,11,11.2,11.1,11.2,11.3,11.4,11.1,11,10.7,10.5,10.1,9.6,9.1,8.6,8.3,8.4,9,8.1,7.8,7.8,..
France,FRA,"Birth rate, crude (per 1,000 people)",SP.DYN.CBRT.IN,13,12.5,12.8,12.8,12.7,12.8,12.9,13.3,13.1,12.9,12.8,12.8,12.8,13.1,12.8,12.9,12.8,12.9,12.7,12.6,12.4,12.4,12,11.8,11.5,11.3,11.2,10.9,10.9,10.7,9.9,9.7,..
French Polynesia,PYF,"Birth rate, crude (per 1,000 people)",SP.DYN.CBRT.IN,25.971,24.703,23.243,22.55,21.407,20.557,21.298,21.396,20.782,19.973,18.605,18.075,17.925,18.184,17.391,18.028,17.662,17.823,16.92,16.532,15.713,15.799,15.001,13.999,13.146,12.812,11.938,11.782,11.424,11.156,10.907,10.688,..
Gabon,GAB,"Birth rate, crude (per 1,000 people)",SP.DYN.CBRT.IN,36.295,35.514,34.728,34.146,33.906,33.71,33.478,33.429,33.228,33.076,32.869,32.748,32.682,32.612,32.585,32.617,32.869,33.031,33.011,32.49,31.919,31.384,31.085,30.983,30.774,30.537,30.146,29.541,28.938,28.3,27.666,27.127,..
"Gambia, The",GMB,"Birth rate, crude (per 1,000 people)",SP.DYN.CBRT.IN,46.114,45.893,45.102,44.118,43.196,42.542,41.779,41.055,40.517,40.027,39.728,39.709,39.686,39.884,39.537,39.151,38.941,38.872,38.808,38.814,38.097,36.907,35.746,34.593,33.451,32.324,31.921,31.525,31.171,30.771,30.429,29.857,..
Georgia,GEO,"Birth rate, crude (per 1,000 people)",SP.DYN.CBRT.IN,15.062,14.368,14.076,13.654,13.367,13.14,12.682,12.452,12.248,12.206,12.132,12.326,12.563,12.906,13.591,14.697,15.939,15.638,14.987,14.856,15.065,16.09,16.021,15.818,14.905,14.334,13.588,13.053,12.881,11.612,11.494,11.289,..
Germany,DEU,"Birth rate, crude (per 1,000 people)",SP.DYN.CBRT.IN,9.8,9.5,9.4,9.7,9.9,9.6,9.4,9.3,8.9,8.7,8.6,8.6,8.3,8.2,8.3,8.3,8.1,8.3,8.3,8.4,8.5,8.8,9,9.6,9.5,9.5,9.4,9.3,9.6,8.9,8.3,8.1,..
Ghana,GHA,"Birth rate, crude (per 1,000 people)",SP.DYN.CBRT.IN,38.491,37.493,36.727,35.838,35.6,35.468,35.552,35.898,35.62,35.223,34.779,34.282,34.403,33.877,33.223,32.789,32.585,32.672,32.685,32.519,32.219,31.547,31.114,30.172,28.926,28.388,27.891,27.43,27.034,26.596,26.31,25.92,..
Gibraltar,GIB,"Birth rate, crude (per 1,000 people)",SP.DYN.CBRT.IN,17.024,16.652,16.231,15.566,15.343,15.047,14.847,14.723,14.107,11.162,10.776,11.086,11.462,11.733,12.024,12.322,12.428,12.551,12.629,12.734,13.284,13.127,12.993,12.042,12.023,12,11.975,11.984,12,12.026,12.07,12.205,..
Greece,GRC,"Birth rate, crude (per 1,000 people)",SP.DYN.CBRT.IN,9.7,9.9,9.6,9.5,9.6,9.4,9.4,9.6,9.4,9.5,9.6,9.6,9.8,10.2,10.1,10.7,10.6,10.3,9.6,9.1,8.6,8.5,8.5,8.6,8.2,8.1,7.8,7.9,8.1,7.3,6.8,6.6,..
Greenland,GRL,"Birth rate, crude (per 1,000 people)",SP.DYN.CBRT.IN,21.4,20.5,19.7,18.8,19.6,17.5,16.8,15.6,16.7,16.9,15.5,15.7,15.6,14.8,15.1,14.8,15.9,15.4,14.4,13.8,14.5,14.3,15.2,14.8,15.2,14.6,15.1,14.8,13.4,13.2,12.6,12,..
Grenada,GRD,"Birth rate, crude (per 1,000 people)",SP.DYN.CBRT.IN,23.397,22.772,22.436,22.08,21.216,18.49,17.399,17.503,17.283,17.207,17.143,17.07,17.02,16.903,16.802,16.674,16.505,16.263,16.012,15.78,15.401,14.529,13.855,13.052,11.645,12.395,12.466,12.324,12.14,11.935,11.711,11.477,..
Guam,GUM,"Birth rate, crude (per 1,000 people)",SP.DYN.CBRT.IN,25.526,25.201,24.93,24.658,24.387,24.083,23.595,23.039,21.96,19.807,20.092,20.678,19.442,20.461,20.961,20.771,20.497,20.939,20.152,21.7,19.939,20.228,19.936,21.377,20.622,19.818,19.256,18.613,18.296,18.008,17.662,17.342,..
Guatemala,GTM,"Birth rate, crude (per 1,000 people)",SP.DYN.CBRT.IN,38.575,38.249,37.755,37.145,36.504,35.909,35.225,34.708,34.156,33.267,32.47,31.726,30.777,30.024,29.422,28.678,28.199,27.821,27.516,27.231,26.716,26.467,26.222,25.957,25.171,24.315,23.089,22.043,21.407,21.063,20.809,20.619,..
Guinea,GIN,"Birth rate, crude (per 1,000 people)",SP.DYN.CBRT.IN,45.362,45.061,44.28,44.176,43.935,42.783,42.356,41.833,41.318,40.56,40.284,40.244,40.411,40.307,40.207,40.08,39.928,39.635,39.165,38.7,38.379,38.046,37.767,37.414,36.891,36.329,35.952,35.518,34.983,34.381,33.848,33.325,..
Guinea-Bissau,GNB,"Birth rate, crude (per 1,000 people)",SP.DYN.CBRT.IN,44.595,44.499,44.264,43.873,43.624,43.213,42.74,42.346,41.794,41.564,41.296,40.801,40.571,40.253,40.016,39.348,38.748,38.308,38.019,37.577,37.082,36.096,35.199,34.217,33.036,32.374,31.848,31.406,30.969,30.458,30.037,29.56,..
Guyana,GUY,"Birth rate, crude (per 1,000 people)",SP.DYN.CBRT.IN,29.622,29.678,29.539,29.173,28.762,28.08,27.203,26.231,25.039,23.763,22.703,22.02,21.664,21.72,21.887,22.028,22.055,22.058,22.252,22.318,22.562,22.606,22.516,22.332,22.044,21.236,21.945,21.254,20.961,20.748,20.287,19.883,..
Haiti,HTI,"Birth rate, crude (per 1,000 people)",SP.DYN.CBRT.IN,36.056,35.38,34.737,34.146,33.569,32.949,32.428,32.153,31.278,30.572,30.164,29.642,29.158,28.881,28.55,28.283,28.061,27.72,27.356,26.685,26.065,25.751,25.444,25.102,24.645,24.222,23.774,23.338,22.919,22.547,22.2,21.944,..
Honduras,HND,"Birth rate, crude (per 1,000 people)",SP.DYN.CBRT.IN,37.659,37.266,36.857,36.281,35.651,35.102,34.562,34.175,33.357,32.375,31.355,30.487,29.613,28.743,28.114,27.525,26.96,26.316,25.776,25.306,24.803,24.388,24.084,23.804,23.504,23.392,23.111,22.803,22.529,22.242,21.963,21.649,..
"Hong Kong SAR, China",HKG,"Birth rate, crude (per 1,000 people)",SP.DYN.CBRT.IN,12,11.9,11.2,9.9,9.1,8.1,7.8,8.1,7.2,7.1,6.9,7.2,8.4,9.6,10.2,11.3,11.8,12.6,13.5,12.8,8,8.6,8.2,8.3,7.6,7.2,7,5.8,5,4.4,4.4,4.9,..
Hungary,HUN,"Birth rate, crude (per 1,000 people)",SP.DYN.CBRT.IN,11.3,11.2,10.8,10.2,9.8,9.5,9.2,9.6,9.5,9.5,9.3,9.4,9.7,9.9,9.7,9.9,9.6,9,8.8,9.1,9.1,9.5,9.4,9.8,9.7,9.6,9.6,9.7,9.8,9.3,9.1,8.2,..
Iceland,ISL,"Birth rate, crude (per 1,000 people)",SP.DYN.CBRT.IN,17.5,16.7,16,16.1,15.3,15.2,14.8,15.3,14.4,14.1,14.3,14.5,14.4,14.5,14.6,15.2,15.8,15.4,14.1,14.1,13.4,13.4,12.5,12,11.9,12,12.3,12.3,13.1,11.5,11.2,11.2,..
India,IND,"Birth rate, crude (per 1,000 people)",SP.DYN.CBRT.IN,30.771,30.295,29.77,29.217,28.685,28.199,27.73,27.518,27.206,26.538,25.783,25.121,24.304,23.564,22.932,22.506,22.211,21.633,21.156,20.672,20.061,19.089,18.936,18.756,17.995,17.91,17.368,16.744,16.491,16.336,16.146,15.981,..
Indonesia,IDN,"Birth rate, crude (per 1,000 people)",SP.DYN.CBRT.IN,24.533,24.263,24.029,23.889,23.6,22.967,22.21,21.688,21.386,21.107,20.834,20.796,21.018,20.943,20.968,20.511,20.375,20.362,20.611,20.41,19.643,19.091,18.569,18.138,17.54,17.146,16.909,16.674,16.417,16.204,15.941,15.762,..
"Iran, Islamic Rep.",IRN,"Birth rate, crude (per 1,000 people)",SP.DYN.CBRT.IN,25.722,21.965,19.541,17.742,16.622,16.207,16.07,15.966,15.935,15.947,15.878,16.176,16.385,16.725,16.971,17.095,17.157,17.276,17.673,18.138,18.531,18.828,18.879,18.787,18.045,16.664,14.918,14.008,13.687,13.314,12.951,12.571,..
Iraq,IRQ,"Birth rate, crude (per 1,000 people)",SP.DYN.CBRT.IN,38.578,38.62,38.027,37.504,37.342,36.996,36.699,36.107,35.547,34.791,34.524,34.344,33.944,34.964,34.503,33.649,33.928,34.604,35.493,34.833,34.14,33.329,31.562,29.816,28.304,27.664,27.252,26.84,26.448,26.004,25.728,25.58,..
Ireland,IRL,"Birth rate, crude (per 1,000 people)",SP.DYN.CBRT.IN,13.8,13.4,13.5,13.9,14.4,14.5,14.4,14.4,15,15.4,15.4,15.2,14.8,15.3,16.2,16.7,16.7,16.5,16.2,15.6,14.9,14.4,13.9,13.4,12.8,12.5,11.9,11.1,11.8,10.4,10.3,10,..
Isle of Man,IMN,"Birth rate, crude (per 1,000 people)",SP.DYN.CBRT.IN,13.343,13.153,13.175,13.1,13.036,12.863,12.525,12.487,12.39,12.164,11.818,11.543,11.598,11.674,11.664,11.626,11.486,11.312,11.095,10.763,10.418,10.113,9.769,9.436,9.193,8.995,8.826,8.683,8.54,8.437,8.34,8.277,..
Israel,ISR,"Birth rate, crude (per 1,000 people)",SP.DYN.CBRT.IN,21.3,21.2,21.1,21.3,21.4,21.9,21.5,21.7,21.2,21.2,21.7,21.3,20.8,21,21.1,21.5,21.5,21.8,21.4,21.6,21.3,21.5,21.3,21.2,21.1,20.8,20.1,19.2,19.7,19,18.6,18.6,..
Italy,ITA,"Birth rate, crude (per 1,000 people)",SP.DYN.CBRT.IN,9.7,9.4,9.2,9.3,9.4,9.3,9.4,9.5,9.4,9.4,9.5,9.7,9.5,9.6,9.6,9.7,9.6,9.4,9.1,8.9,8.5,8.3,8.1,7.9,7.6,7.3,7,6.8,6.8,6.7,6.4,6.3,..
Jamaica,JAM,"Birth rate, crude (per 1,000 people)",SP.DYN.CBRT.IN,26.209,25.615,24.814,24.034,23.134,22.178,21.194,20.131,19.675,19.43,19.189,18.795,18.357,17.85,17.308,16.734,16.161,15.555,14.93,14.409,13.979,13.62,13.318,12.941,12.593,12.305,12.169,12.016,11.954,11.855,11.623,11.45,..
Japan,JPN,"Birth rate, crude (per 1,000 people)",SP.DYN.CBRT.IN,9.6,10,9.6,9.7,9.5,9.6,9.4,9.5,9.3,9.2,8.9,8.8,8.4,8.7,8.6,8.7,8.5,8.5,8.3,8.2,8.2,8,8,7.8,7.6,7.4,7,6.8,6.6,6.3,6,5.7,..
Jordan,JOR,"Birth rate, crude (per 1,000 people)",SP.DYN.CBRT.IN,36.145,35.637,35.055,34.033,32.679,31.059,29.956,29.054,28.516,28.479,28.475,27.743,27.156,26.457,28.189,28.707,28.568,28.07,27.398,26.895,24.926,24.324,23.653,23.748,23.217,22.677,22.236,21.726,21.309,20.922,20.611,20.452,..
Kazakhstan,KAZ,"Birth rate, crude (per 1,000 people)",SP.DYN.CBRT.IN,20.531,19.797,18.722,17.368,16.479,16.288,15.838,15.828,15.939,16.423,17.516,18.691,19.43,20.462,21.533,22.714,22.413,22.615,22.489,22.643,22.646,23.017,22.513,22.34,21.435,21.702,21.424,22.57,23.271,20.819,20.138,19.521,..
Kenya,KEN,"Birth rate, crude (per 1,000 people)",SP.DYN.CBRT.IN,41.417,40.862,40.831,40.632,40.541,40.617,40.327,40.238,40.188,39.938,39.459,39.1,38.783,38.492,38.299,37.851,37.169,36.266,35.009,33.674,32.427,31.542,30.908,30.202,29.602,29.037,28.226,27.782,27.611,27.342,27.106,26.968,..
Kiribati,KIR,"Birth rate, crude (per 1,000 people)",SP.DYN.CBRT.IN,35.936,35.402,34.981,34.766,34.127,33.365,32.467,31.498,30.524,29.414,28.58,28.894,29.181,29.738,30.347,30.831,31.084,31.247,31.427,30.798,30.046,29.313,28.858,28.508,28.275,28.112,27.826,27.355,26.909,26.403,25.813,25.309,..
"Korea, Dem. People's Rep.",PRK,"Birth rate, crude (per 1,000 people)",SP.DYN.CBRT.IN,20.36,20.409,20.344,20.019,19.394,18.863,18.261,17.521,16.894,16.05,15.318,14.599,13.903,14.021,13.856,13.923,13.403,13.294,13.273,13.316,13.357,13.411,13.423,13.458,13.474,13.427,13.405,13.391,13.267,13.149,12.947,12.858,..
"Korea, Rep.",KOR,"Birth rate, crude (per 1,000 people)",SP.DYN.CBRT.IN,16,16,15.7,15,14.5,13.7,13.2,13.5,11.7,10.3,10.2,9.8,9,9.2,10.1,9.4,9,9.4,9.4,9.6,8.6,8.6,8.6,7.9,7,6.4,5.9,5.3,5.1,4.9,4.5,4.7,..
Kosovo,XKX,"Birth rate, crude (per 1,000 people)",SP.DYN.CBRT.IN,21.733,21.063,21.367,21.689,19.938,21.747,20.618,18.117,18.58,19.037,18.83,19.519,20.077,19.688,19.453,19.733,19.623,18.83,17.137,16.516,16.453,15.797,14.723,13.172,12.962,12.736,12.618,12.335,12.546,12.275,12.067,11.852,..
Kuwait,KWT,"Birth rate, crude (per 1,000 people)",SP.DYN.CBRT.IN,22.358,24.273,25.362,25.043,24.142,23.337,22.727,22.39,22.274,22.253,22.404,22.641,22.315,21.495,20.624,19.956,19.484,18.876,18.058,17.754,16.818,16.712,15.391,14.662,14.256,12.825,12.06,11.6919249210071,12.234184852521,10.8489565017698,10.3028486127809,10.02,..
Kyrgyz Republic,KGZ,"Birth rate, crude (per 1,000 people)",SP.DYN.CBRT.IN,25.7,24.3,25.6,23.2,21.6,21.7,21.5,19.8,19.8,20.2,20.9,21.5,21.3,23.1,23.4,23.9,25.2,26.8,27.1,27.6,27.2,27.7,27.4,26,24.8,27.1,26.9,24,22.4,21.5,20.6,19.4,..
Lao PDR,LAO,"Birth rate, crude (per 1,000 people)",SP.DYN.CBRT.IN,41.231,39.999,38.469,37.231,36.182,35.091,34.19,32.901,32.112,31.18,30.66,30.075,28.788,28.365,28.124,27.882,27.569,27.195,26.777,26.174,25.623,25.049,24.962,24.567,24.117,23.599,23.151,22.618,22.147,21.693,21.271,20.933,..
Latvia,LVA,"Birth rate, crude (per 1,000 people)",SP.DYN.CBRT.IN,10.4,9.6,8.7,8.1,7.7,7.6,8.1,8.6,8.4,8.7,9.2,9.1,9.8,10.3,10.9,11.2,10.3,9.4,9.1,9.8,10.2,10.9,11.1,11.2,10.7,10,9.8,9.2,9.2,8.5,7.7,6.9,..
Lebanon,LBN,"Birth rate, crude (per 1,000 people)",SP.DYN.CBRT.IN,24.706,23.639,22.688,22.396,22.072,21.835,21.619,21.306,21.056,20.624,20.002,19.347,18.668,18.27,17.945,17.793,17.99,18.605,19.033,18.962,18.016,18.812,19.555,19.197,18.648,18.09,17.622,16.912,16.573,16.372,16.144,15.958,..
Lesotho,LSO,"Birth rate, crude (per 1,000 people)",SP.DYN.CBRT.IN,31.95,31.015,30.564,30.414,30.224,29.238,28.457,28.248,28.716,29.365,29.294,28.736,28.561,28.627,29.484,29.642,29.354,29.163,30.209,30.027,29.988,29.5,29.178,28.932,28.241,27.361,26.44,25.628,24.896,24.392,24.109,23.762,..
Liberia,LBR,"Birth rate, crude (per 1,000 people)",SP.DYN.CBRT.IN,45.004,46.153,44.22,44.955,41.709,43.223,43.316,43.238,42.571,42.001,42.001,41.116,40.619,40.842,40.397,39.663,38.81,37.967,36.93,37.426,36.234,35.221,34.343,33.926,33.384,32.955,32.431,31.923,31.524,31.189,30.96,30.577,..
Libya,LBY,"Birth rate, crude (per 1,000 people)",SP.DYN.CBRT.IN,23.441,22.69,22.152,21.762,21.576,21.576,21.656,21.691,22.057,22.497,22.92,23.376,23.903,23.931,23.712,23.437,23.155,23.545,24.905,22.587,22.54,22.623,21.921,21.252,20.511,19.844,19.241,18.737,18.176,17.537,17.024,16.495,..
Liechtenstein,LIE,"Birth rate, crude (per 1,000 people)",SP.DYN.CBRT.IN,13.8,11.7,13.8,13.1,13.9,12.6,12.4,12.9,12.1,11.7,10.2,10.8,11,10.3,10,9.9,11.4,9.1,10.9,9.7,9.2,10,8.7,10,8.9,9.9,9.2,9.1,9.6,9.2,9.1,8.4,..
Lithuania,LTU,"Birth rate, crude (per 1,000 people)",SP.DYN.CBRT.IN,12.9,11.6,11.4,10.8,10.6,10.4,10.3,9.8,9,8.6,8.8,8.8,8.9,9.1,9.3,9.9,10.2,9.9,10,10,9.7,10,10.3,10.3,9.8,9.5,8.9,8.4,8.3,7.8,7.2,6.6,..
Luxembourg,LUX,"Birth rate, crude (per 1,000 people)",SP.DYN.CBRT.IN,13.5,13.5,13.3,13.7,13.1,12.7,13,13.1,12.4,12,11.7,11.9,11.5,11.7,11.4,11.5,11.3,11.6,10.9,11.3,11.3,10.9,10.7,10.4,10.4,10.3,10,10.2,10.5,9.9,9.5,9.5,..
"Macao SAR, China",MAC,"Birth rate, crude (per 1,000 people)",SP.DYN.CBRT.IN,16.3,15.4,14.4,13.2,12.1,10.5,9.7,8.9,7.5,7.2,7.2,7.3,7.8,8.1,8.7,8.7,8.9,9.5,10.6,12.9,11.1,11.8,11,11,10.1,9,8.9,8.1,7.4,6.4,5.5,5.3,..
Madagascar,MDG,"Birth rate, crude (per 1,000 people)",SP.DYN.CBRT.IN,44.096,44.248,44.481,44.55,44.415,44.078,43.151,42,41.116,40.202,39.513,38.976,38.446,38.007,37.754,37.537,37.396,36.746,35.751,35.061,34.672,34.18,33.771,33.613,33.592,33.651,33.594,33.31,32.911,32.498,32.095,31.714,..
Malawi,MWI,"Birth rate, crude (per 1,000 people)",SP.DYN.CBRT.IN,48.409,48.413,46.836,46.213,46.002,45.856,45.416,44.572,44.179,43.955,43.907,43.965,44.003,43.755,43.274,42.564,41.745,40.686,39.69,38.564,37.722,36.503,35.296,34.225,33.682,33.227,32.902,32.536,32.066,31.738,31.381,31.143,..
Malaysia,MYS,"Birth rate, crude (per 1,000 people)",SP.DYN.CBRT.IN,26.757,26.59,26.3,26.07,25.401,24.378,23.765,22.603,21.401,20.089,19.55,18.682,17.94,17.395,17.091,17.356,17.29,16.906,17.186,17.002,16.761,16.724,16.336,15.789,15.329,14.808,14.233,13.393,12.385,12.394,12.412,12.362,..
Maldives,MDV,"Birth rate, crude (per 1,000 people)",SP.DYN.CBRT.IN,34.745,32.537,30.148,27.421,24.946,22.98,21.22,19.916,19.105,18.666,18.448,18.326,18.322,18.819,19.955,20.904,21.267,20.889,20.401,19.774,18.803,17.76,16.664,15.512,14.342,13.395,12.597,12.112,11.694,11.396,11.018,10.587,..
Mali,MLI,"Birth rate, crude (per 1,000 people)",SP.DYN.CBRT.IN,46.679,46.545,45.879,45.831,46.09,46.396,47.017,47.091,47.14,47.348,47.566,47.774,47.891,47.602,47.394,47.203,47.015,46.892,46.477,46.279,45.461,44.983,44.474,43.911,43.444,42.585,41.139,40.959,40.707,40.345,40.029,39.532,..
Malta,MLT,"Birth rate, crude (per 1,000 people)",SP.DYN.CBRT.IN,13.9,12.9,12.2,13.3,12.7,12.1,11.4,11.3,10.1,9.9,10.2,9.7,9.6,9.3,9.3,9.8,9.8,9.4,10,9.8,9.5,9.6,9.7,9.8,9.2,9.2,8.6,8.6,8.5,8.1,8.1,7.7,..
Marshall Islands,MHL,"Birth rate, crude (per 1,000 people)",SP.DYN.CBRT.IN,39.573,39.04,38.527,38.505,38.553,38.418,38.328,38.152,37.834,37.611,37.593,37.417,37.188,36.551,35.59,34.331,32.793,30.935,29.216,27.707,26.395,25.695,25.164,24.72,24.391,24.066,23.736,23.439,23.176,21.989,21.137,20.087,..
Mauritania,MRT,"Birth rate, crude (per 1,000 people)",SP.DYN.CBRT.IN,41.667,41.682,41.538,40.71,39.404,38.625,38.119,37.914,37.983,37.855,37.912,38.273,38.436,38.762,39.041,39.074,39.005,38.939,38.941,38.74,38.509,38.127,37.778,37.402,37.046,36.621,36.211,35.735,35.342,34.844,34.423,34.03,..
Mauritius,MUS,"Birth rate, crude (per 1,000 people)",SP.DYN.CBRT.IN,20.3,19.6,18.3,18.3,17.4,16.7,17.3,17,16.5,16.6,15.9,15.7,15.3,14.3,13.7,13.2,12.3,12,11.7,11.5,10.9,10.6,10.1,10.4,10.7,10.3,10.2,10.7,10.3,9.7,10.3,10.3,..
Mexico,MEX,"Birth rate, crude (per 1,000 people)",SP.DYN.CBRT.IN,28.277,27.744,27.062,26.417,25.752,25.117,24.64,24.192,23.779,23.379,22.832,22.369,21.912,21.482,21.11,20.82,20.567,20.331,20.095,19.855,19.557,18.959,18.227,17.69,17.214,17.037,16.877,16.565,16.353,16.041,15.706,15.464,..
"Micronesia, Fed. Sts.",FSM,"Birth rate, crude (per 1,000 people)",SP.DYN.CBRT.IN,33.04,32.486,32.265,32.276,32.2,32.18,32.203,32.151,31.445,30.474,29.593,28.966,28.391,27.762,27.095,26.413,25.821,25.211,24.742,24.37,24.03,23.781,23.573,23.352,23.169,23.056,22.891,22.693,22.686,22.509,22.299,22.318,..
Moldova,MDA,"Birth rate, crude (per 1,000 people)",SP.DYN.CBRT.IN,15.971,15.054,13.79,12.928,13.594,12.612,12.006,11.708,11.68,11.683,12.166,12.984,13.119,13.298,13.691,14.256,14.951,14.785,14.264,14.251,13.795,15.295,15.227,14.88,13.762,13.275,12.637,12.077,11.521,10.545,10.755,10.59,..
Monaco,MCO,"Birth rate, crude (per 1,000 people)",SP.DYN.CBRT.IN,11.014,11.006,11.109,11.271,11.52,11.799,11.955,12.23,12.561,11.341,10.612,10.855,10.735,11.072,11.483,12.176,11.821,11.328,10.209,10.28,10.131,10.684,10.585,10.757,10.001,10.194,9.965,9.746,8.689,8.687,9.441,9.558,..
Mongolia,MNG,"Birth rate, crude (per 1,000 people)",SP.DYN.CBRT.IN,25.832,24.455,23.982,23.28,22.197,21.361,21.061,20.794,20.257,19.424,18.648,18.398,18.566,19.96,21.889,23.899,24.816,23.1,25.1,26,27.5,28,27.1,25.9,23.9,24.5,24.4,23.4,21.6,19.5,19,16.9,..
Montenegro,MNE,"Birth rate, crude (per 1,000 people)",SP.DYN.CBRT.IN,15.24,15.009,15.4,15,14.4,15.1,14.6,15.2,14.6,13.9,13.6,12.8,12,12.3,12.7,13.4,14,12,11.6,12,12,12.1,11.8,12.1,11.9,11.6,11.5,11.3,11.3,11.3,11.2,11.2,..
Morocco,MAR,"Birth rate, crude (per 1,000 people)",SP.DYN.CBRT.IN,27.04,26.344,25.766,25.532,25.141,24.478,23.42,22.689,22.087,21.6,21.589,21.686,21.818,21.858,21.922,21.859,21.913,21.871,21.506,20.978,20.341,19.787,19.488,19.224,18.918,18.573,18.258,17.85,17.458,17.035,16.701,16.402,..
Mozambique,MOZ,"Birth rate, crude (per 1,000 people)",SP.DYN.CBRT.IN,45.102,43.561,44.434,44.365,44.271,44.037,43.91,43.583,43.073,42.473,41.971,41.638,41.356,41.117,41.268,42.277,42.908,42.806,42.454,42.019,41.554,40.792,40.426,40.093,39.755,39.448,39.117,38.736,38.403,37.99,37.486,37.028,..
Myanmar,MMR,"Birth rate, crude (per 1,000 people)",SP.DYN.CBRT.IN,26.148,25.649,25.165,24.731,24.262,23.785,23.393,23.164,23.06,22.892,22.252,21.531,20.966,20.599,20.373,19.993,19.681,19.365,19.086,18.819,18.684,18.551,18.608,18.561,18.341,18.054,17.774,17.456,17.201,16.912,16.696,16.464,..
Namibia,NAM,"Birth rate, crude (per 1,000 people)",SP.DYN.CBRT.IN,37.876,36.273,34.453,32.946,32.771,32.9,32.629,31.612,30.481,29.636,29.028,28.918,29.316,29.734,29.979,30.265,30.616,31.006,31.142,31.352,31.177,31.011,30.668,30.31,29.652,29.067,28.386,27.687,27.022,26.343,25.89,25.891,..
Nauru,NRU,"Birth rate, crude (per 1,000 people)",SP.DYN.CBRT.IN,31.093,30.296,29.782,29.364,29.042,28.74,28.638,28.238,27.945,27.752,27.884,28.1,28.451,29.076,30.408,32.27,34.272,36.097,36.803,36.144,35.342,34.687,34.223,33.578,32.241,30.66,29.581,28.662,27.787,26.613,25.505,24.562,..
Nepal,NPL,"Birth rate, crude (per 1,000 people)",SP.DYN.CBRT.IN,37.71,37.267,36.848,35.332,33.715,32.713,31.792,30.959,29.777,28.641,27.732,26.837,25.837,24.936,24.351,23.729,23.236,22.851,22.653,22.651,22.458,22.39,22.141,21.943,21.572,21.122,20.648,20.168,19.675,19.643,19.34,18.962,..
Netherlands,NLD,"Birth rate, crude (per 1,000 people)",SP.DYN.CBRT.IN,12.8,12.7,12.3,12.2,12.3,12.7,12.7,13,12.6,12.5,12.3,11.9,11.5,11.3,11.1,11.2,11.2,11.1,10.8,10.5,10.2,10.4,10.1,10.1,9.9,9.8,9.8,9.7,10.2,9.5,9.2,9.2,..
New Caledonia,NCL,"Birth rate, crude (per 1,000 people)",SP.DYN.CBRT.IN,23.627,22.844,22.292,22.417,22.408,21.568,21.079,21.201,20.304,19.529,18.705,18.372,18.105,18.028,17.636,17.345,17.013,16.774,16.834,16.788,16.442,16.031,15.735,15.672,15.327,15.228,15.183,14.903,14.747,14.498,14.262,14.03,..
New Zealand,NZL,"Birth rate, crude (per 1,000 people)",SP.DYN.CBRT.IN,16.45,15.83,15.69,15.34,15.23,14.51,14.87,14.66,14.36,13.67,13.94,14.2,13.96,14.14,15.15,15.1,14.53,14.68,14,13.87,13.2,12.67,13.23,12.6,12.38,11.84,11.98,11.36,11.54,11.57,10.95,11.03,..
Nicaragua,NIC,"Birth rate, crude (per 1,000 people)",SP.DYN.CBRT.IN,33.874,32.882,31.931,31.001,30.018,29.203,28.482,27.885,27.034,26.28,25.925,25.675,25.611,25.428,25.176,24.893,24.611,24.345,23.959,23.615,23.203,22.836,22.449,22.06,21.647,21.209,20.808,20.45,20.044,19.695,19.376,19.141,..
Niger,NER,"Birth rate, crude (per 1,000 people)",SP.DYN.CBRT.IN,54.327,54.106,54.092,54.082,54.021,53.991,53.767,53.39,53.015,52.581,52.178,51.776,51.417,50.967,50.594,50.172,49.8,49.353,48.823,48.217,47.796,47.2,46.577,45.881,45.057,44.181,43.366,42.6,41.932,41.95,41.892,41.42,..
Nigeria,NGA,"Birth rate, crude (per 1,000 people)",SP.DYN.CBRT.IN,44.109,43.991,44.079,43.85,43.509,43.218,43.447,43.892,43.934,43.822,43.71,43.474,43.37,43.172,42.897,42.803,42.497,42.139,41.793,41.116,40.441,39.892,38.951,37.771,36.693,35.69,34.685,33.732,33.546,33.192,32.954,32.493,..
North Macedonia,MKD,"Birth rate, crude (per 1,000 people)",SP.DYN.CBRT.IN,18.171,17.729,16.689,16.064,14.8,14.6,13.5,14.5,13.3,13.7,13.3,11.5,11,11.1,11.1,11.2,11.5,11.8,11.1,11.4,11.2,11.4,11.1,11.0987266524808,10.5,10.3,9.6,9.2,10.2,9.9,9.2,8.8,..
Northern Mariana Islands,MNP,"Birth rate, crude (per 1,000 people)",SP.DYN.CBRT.IN,35.243,31.169,30.629,25.543,24.756,19.658,19.895,21.957,23.055,21.196,22.594,22.887,22.96,24.494,24.231,22.747,20.624,20.67,21.409,21.778,22.776,21.455,19.791,18.374,17.324,16.559,16.029,15.487,14.824,13.807,12.918,12.107,..
Norway,NOR,"Birth rate, crude (per 1,000 people)",SP.DYN.CBRT.IN,13.8,13.9,13.8,13.9,13.6,13.2,13.3,13.2,12.6,12.2,12.4,12.4,12.3,12.6,12.4,12.7,12.8,12.6,12.2,12,11.6,11.5,11.3,11.2,10.7,10.4,10.2,9.8,10.4,9.4,9.4,9.7,..
Oman,OMN,"Birth rate, crude (per 1,000 people)",SP.DYN.CBRT.IN,30.52,29.115,27.914,26.99,26.099,25.263,24.587,23.841,23.255,22.832,22.485,21.785,20.933,20.211,19.909,20.571,21.921,23.352,21.582,20.686,20.947,21.166,20.992,20.544,20.155,19.269,18.858,18.856,18.337,16.353,16.847,16.778,..
Pakistan,PAK,"Birth rate, crude (per 1,000 people)",SP.DYN.CBRT.IN,41.179,40.449,39.581,38.86,38.03,37.363,37.203,36.541,35.71,34.883,34.295,33.21,32.887,33.162,33.262,33.583,33.609,33.525,33.045,32.48,31.902,31.303,30.697,29.956,29.738,29.343,28.986,28.625,28.384,28.13,27.806,27.412,..
Palau,PLW,"Birth rate, crude (per 1,000 people)",SP.DYN.CBRT.IN,22.054,21.672,20.725,19.253,17.532,16.001,15.131,14.377,14.479,14.458,14.291,14.027,13.94,13.81,13.741,13.676,13.649,13.65,13.8,13.99,14.024,13.362,12.582,12.741,12.437,12.004,11.921,11.624,11.377,11.115,10.897,10.687,..
Panama,PAN,"Birth rate, crude (per 1,000 people)",SP.DYN.CBRT.IN,25.503,25.185,24.9,24.645,24.378,24.116,23.825,23.51,23.22,22.917,22.65,22.548,22.1,21.784,21.591,21.426,21.177,20.984,20.98,20.732,20.42,20.147,19.839,19.495,19.081,18.52,17.57,16.718,16.401,16.239,16.029,15.867,..
Papua New Guinea,PNG,"Birth rate, crude (per 1,000 people)",SP.DYN.CBRT.IN,35.624,35.317,34.987,34.912,34.839,34.751,34.661,34.423,34.214,33.983,33.675,33.206,32.813,32.362,31.921,31.549,31.074,30.734,30.304,29.802,29.354,28.899,28.375,27.865,27.361,26.956,26.466,26.092,25.582,25.16,24.576,24.291,..
Paraguay,PRY,"Birth rate, crude (per 1,000 people)",SP.DYN.CBRT.IN,32.402,31.734,31.029,30.306,29.562,28.772,27.929,26.885,25.933,25.109,24.412,24.089,23.72,23.301,23.019,22.989,22.907,22.544,22.483,22.559,22.474,22.635,22.662,22.487,22.166,21.836,21.421,21.036,20.689,20.356,19.985,19.728,..
Peru,PER,"Birth rate, crude (per 1,000 people)",SP.DYN.CBRT.IN,28.799,27.974,27.158,26.354,25.603,24.919,24.333,23.836,23.028,22.599,22.33,22.392,22.089,21.821,21.446,20.908,20.444,19.884,19.75,19.21,18.82,18.366,17.948,17.565,17.254,16.93,16.853,16.61,16.398,16.183,15.944,15.751,..
Philippines,PHL,"Birth rate, crude (per 1,000 people)",SP.DYN.CBRT.IN,32.598,32.269,32.066,31.361,30.818,30.237,29.836,29.285,29.145,28.534,28.101,27.629,27.154,27.419,27,27.12,26.987,26.564,26.007,25.22,24.56,23.404,22.933,21.76,20.571,19.418,18.104,17.017,16.108,16.057,16.019,15.894,..
Poland,POL,"Birth rate, crude (per 1,000 people)",SP.DYN.CBRT.IN,12.9,12.5,11.2,11.1,10.7,10.2,9.9,9.9,9.6,9.3,9.2,9.3,9.5,9.8,10.2,10.9,10.9,10.9,10.2,10.1,9.7,9.9,9.7,10.1,10.6,10.2,9.9,9.5,9,8.3,7.4,6.9,..
Portugal,PRT,"Birth rate, crude (per 1,000 people)",SP.DYN.CBRT.IN,11.4,10.9,10.7,11,11.2,11.2,11.4,11.7,10.9,11,10.8,10.4,10.4,10,9.7,9.9,9.4,9.6,9.2,8.5,7.9,7.9,8.2,8.4,8.3,8.4,8.4,8.1,7.6,8,8.1,7.9,..
Puerto Rico (US),PRI,"Birth rate, crude (per 1,000 people)",SP.DYN.CBRT.IN,17.9,17.5,17,16.9,16.2,15.7,15.6,15.59,14.59,13.7,13.1,13.16,12.96,12.41,11.86,11.79,11.72,11.3,11.1,10.6,10.1,9.7,9,8.3,7.3,6.7,6.4,6,5.9,5.9,5.8,5.7,..
Qatar,QAT,"Birth rate, crude (per 1,000 people)",SP.DYN.CBRT.IN,21.151,20.565,19.868,19.088,18.001,17.499,17.275,17.318,17.59,17.352,16.921,16.259,15.436,11.972,10.783,11.226,10.98,11.223,11.33,11.397,11.367,11.131,10.596,9.969,10.031,9.921,9.979,10.046,9.555,10.099,9.908,9.524,..
Romania,ROU,"Birth rate, crude (per 1,000 people)",SP.DYN.CBRT.IN,11,10.9,10.4,10.2,10.5,10.5,10.4,10.4,10,9.7,9.8,10.1,10.4,10.4,10.3,10.8,10.9,10.5,9.7,10,9.4,10,10.2,10.4,10.8,10.4,10.3,10.3,10.1,9.4,8.4,7.5,..
Russian Federation,RUS,"Birth rate, crude (per 1,000 people)",SP.DYN.CBRT.IN,9.4,9.5,9.3,8.9,8.6,8.8,8.3,8.7,9,9.7,10.2,10.4,10.2,10.3,11.3,12,12.3,12.5,12.6,13.3,13.2,13.3,13.3,12.9,11.5,10.9,10.1,9.8,9.6,8.9,8.6,8.4,..
Rwanda,RWA,"Birth rate, crude (per 1,000 people)",SP.DYN.CBRT.IN,41.542,48.038,39.517,37.219,40.51,42.159,42.14,42.112,42.113,41.784,41.402,41.145,40.638,39.861,38.833,37.643,36.315,35.149,33.8,32.852,32.409,32.24,32.098,31.971,31.666,31.231,30.672,30.021,29.389,28.859,28.348,28.062,..
Samoa,WSM,"Birth rate, crude (per 1,000 people)",SP.DYN.CBRT.IN,33.454,33.809,34.086,34.15,33.944,33.508,32.772,32.057,31.254,30.558,30.172,29.774,29.522,29.326,29.329,29.769,30.135,30.537,30.785,30.69,30.533,30.248,29.816,29.279,28.795,28.488,27.957,27.453,26.891,26.101,25.401,24.969,..
San Marino,SMR,"Birth rate, crude (per 1,000 people)",SP.DYN.CBRT.IN,10.008,10.159,10.432,10.767,10.951,11.021,11.137,12.004,12.82,11.935,10.661,10.4,9.5,10,9.4,11,10.7,10.3,10,8.7,9.7,9.1,8.2,7.9,6.7,6.8,6.7,6.4,6.2,6.1,5.6,4.2,..
Sao Tome and Principe,STP,"Birth rate, crude (per 1,000 people)",SP.DYN.CBRT.IN,39.808,39.406,39.542,39.346,39.172,39.227,39.442,39.748,39.965,39.841,39.551,39.206,38.979,38.851,38.915,38.468,37.892,37.323,36.847,36.364,35.361,34.27,33.025,31.691,30.564,29.804,29.229,28.643,28.518,28.277,28.185,28.094,..
Saudi Arabia,SAU,"Birth rate, crude (per 1,000 people)",SP.DYN.CBRT.IN,34.467,33.417,32.308,31.223,30.276,29.509,28.542,27.49,25.528,23.767,22.302,21.274,21.062,21.35,21.73,21.314,20.802,20.127,20.324,20.387,19.712,19.822,19.405,19.553,19.824,19.739,18.075,16.628,15.902,15.217,16.415,16.495,..
Senegal,SEN,"Birth rate, crude (per 1,000 people)",SP.DYN.CBRT.IN,40.314,39.851,39.564,39.281,39.244,39.247,39.559,39.3,38.858,38.624,38.675,38.381,37.984,37.583,37.272,37.344,37.29,37.254,37.391,37.536,36.748,35.48,34.505,33.828,32.801,31.596,30.405,29.931,29.71,29.46,29.423,29.184,..
Serbia,SRB,"Birth rate, crude (per 1,000 people)",SP.DYN.CBRT.IN,10.576,10.273,11.3,10.8,10.49,10.09,9.6,9.8,10.5,10.4,10.6,10.5,9.7,9.58,9.22,9.4,9.6,9.4,9.1,9.3,9.2,9.3,9.3,9.2,9.2,9.2,9.3,8.9,9.1,9.3,9.2,9.2,..
Seychelles,SYC,"Birth rate, crude (per 1,000 people)",SP.DYN.CBRT.IN,23.4,22.9,21,21.1,19.1,17.9,18.2,18.6,17.7,17.7,18.1,17.4,18.5,17.3,17.6,17.8,18.1,16.8,18.6,18.6,17.4,17,17,17.4,17.2,17.1,16.4,15.8,16.8,13.1,13,11,..
Sierra Leone,SLE,"Birth rate, crude (per 1,000 people)",SP.DYN.CBRT.IN,46.946,46.777,46.766,46.482,46.273,46.3,46.127,45.045,44.013,44.281,43.473,42.465,41.97,41.807,41.058,40.589,39.853,39.115,38.518,37.775,36.6,35.62,34.658,34.194,33.808,33.34,32.808,32.196,31.644,31.071,30.601,30.108,..
Singapore,SGP,"Birth rate, crude (per 1,000 people)",SP.DYN.CBRT.IN,16.8,16.2,15.6,15.2,14.5,13.1,12.8,13.7,11.8,11.4,10.5,10.3,10.2,10.3,10.3,10.2,9.9,9.3,9.5,10.1,9.3,9.8,9.7,9.4,8.9,8.8,8.8,8.5,8.6,7.9,7.4,7.4,..
Sint Maarten (Dutch part),SXM,"Birth rate, crude (per 1,000 people)",SP.DYN.CBRT.IN,20.896,21.376,21.647,21.471,20.825,20.022,18.787,17.552,16.315,15.176,14.29,13.698,13.505,13.688,12.112,13.124,12.844,13.666,14.445,14.085,13.544,12.925,12.247,11.523,10.919,10.456,10.024,9.745,9.47,9.198,9.126,9.085,..
Slovak Republic,SVK,"Birth rate, crude (per 1,000 people)",SP.DYN.CBRT.IN,13.8,12.4,11.5,11.2,11,10.7,10.4,10.2,9.5,9.5,9.6,10,10.1,10,10.1,10.7,11.4,11.2,11.3,10.3,10.1,10.2,10.3,10.6,10.7,10.6,10.5,10.4,10.4,9.7,9,8.5,..
Slovenia,SVN,"Birth rate, crude (per 1,000 people)",SP.DYN.CBRT.IN,9.9,9.8,9.5,9.4,9.1,9,8.8,9.1,8.8,8.8,8.7,9,9.1,9.4,9.8,10.8,10.7,10.9,10.7,10.7,10.2,10.3,10,9.9,9.8,9.4,9.3,8.9,9,8.3,8,7.9,..
Solomon Islands,SLB,"Birth rate, crude (per 1,000 people)",SP.DYN.CBRT.IN,37.606,37.654,37.65,37.26,36.748,36.296,35.827,35.445,35.116,34.841,34.612,34.288,34.027,33.993,33.944,33.847,33.678,33.203,32.962,32.734,32.486,32.554,31.895,31.137,30.083,29.147,28.413,27.966,27.699,27.283,26.935,26.707,..
"Somalia, Fed. Rep.",SOM,"Birth rate, crude (per 1,000 people)",SP.DYN.CBRT.IN,50.121,51.11,50.63,50.996,50.848,50.677,50.658,50.443,50.374,50.373,50.123,49.904,49.615,49.391,48.908,48.763,48.426,48.062,48.58,48.159,47.744,47.457,47.171,46.561,46.155,45.67,45.139,44.544,44.094,43.789,42.964,42.346,..
South Africa,ZAF,"Birth rate, crude (per 1,000 people)",SP.DYN.CBRT.IN,26.612,24.579,25.612,24.857,23.909,23.151,22.7,21.567,21.266,20.928,21.388,22.136,22.718,23.144,23.088,24.33,22.779,22.178,22.075,22.118,21.894,21.784,21.007,20.27,20.038,19.85,19.694,19.522,19.354,19.079,18.775,18.48,..
South Sudan,SSD,"Birth rate, crude (per 1,000 people)",SP.DYN.CBRT.IN,52.672,52.705,52.709,52.639,51.64,51.204,50.673,49.816,48.921,48.029,46.77,45.513,44.3,43.183,42.307,41.624,41.025,39.878,39.791,39.141,38.295,38.191,35.407,35.052,32.802,29.068,29.421,29.441,29.693,29.066,28.59,29.222,..
Spain,ESP,"Birth rate, crude (per 1,000 people)",SP.DYN.CBRT.IN,9.8,9.4,9.1,9.1,9.2,9.1,9.4,9.8,9.9,10.1,10.4,10.6,10.6,10.8,10.9,11.3,10.6,10.4,10.1,9.7,9.1,9.2,9,8.8,8.4,7.9,7.6,7.2,7.1,6.9,6.6,6.5,..
Sri Lanka,LKA,"Birth rate, crude (per 1,000 people)",SP.DYN.CBRT.IN,19.978,19.965,19.625,19.043,18.452,17.817,17.864,18.402,18.95,19.172,19.093,18.826,18.716,18.852,18.81,18.204,17.628,17.147,17.091,17.148,17.028,16.522,16.022,15.651,15.371,15.15,14.6,13.8,12.9,12.4,11.2,10.1,..
St. Kitts and Nevis,KNA,"Birth rate, crude (per 1,000 people)",SP.DYN.CBRT.IN,20.208,19.713,19.672,19.263,19.537,19.512,18.935,17.721,17.282,16.939,16.752,16.511,16.324,16.131,15.896,15.58,15.281,14.947,14.695,14.446,14.142,13.958,13.737,13.615,13.376,13.108,12.86,12.575,12.272,11.958,11.745,11.741,..
St. Lucia,LCA,"Birth rate, crude (per 1,000 people)",SP.DYN.CBRT.IN,25.998,26.244,26.193,23.506,23.748,20.856,21.503,18.83,18.034,17.328,16.622,16.028,15.632,15.302,14.773,14.55,14.599,13.789,12.394,12.448,12.493,12.394,12.308,12.209,12.1,11.979,11.853,11.713,11.572,11.417,11.262,11.209,..
St. Martin (French part),MAF,"Birth rate, crude (per 1,000 people)",SP.DYN.CBRT.IN,28.017,27.163,26.611,26.263,26.195,26.391,26.243,25.955,25.597,25.135,24.553,23.849,23.141,22.291,21.392,20.483,19.585,18.976,19.064,21.642,20.986,20.638,20.015,19.47,19.175,19.421,18.955,17.602,17.544,17.326,17.069,15.045,..
St. Vincent and the Grenadines,VCT,"Birth rate, crude (per 1,000 people)",SP.DYN.CBRT.IN,23.354,22.974,22.403,21.596,20.724,19.846,19.373,19.18,18.91,18.236,17.622,17.113,16.883,16.483,16.589,17.126,17.181,16.783,16.093,16.2,16.021,16.119,15.888,15.141,14.13,13.678,13.26,12.835,12.638,12.393,12.158,11.955,..
Sudan,SDN,"Birth rate, crude (per 1,000 people)",SP.DYN.CBRT.IN,43.372,42.981,42.574,42.244,41.644,41.151,40.99,40.836,40.65,40.439,40.206,39.967,39.612,39.187,38.871,38.392,38.084,37.987,37.317,36.59,36.015,35.491,35.683,35.412,35.023,35.074,34.909,34.48,33.913,33.535,33.612,32.996,..
Suriname,SUR,"Birth rate, crude (per 1,000 people)",SP.DYN.CBRT.IN,27.238,26.483,26.089,25.891,25.761,25.648,25.552,25.518,25.357,24.254,23.021,22.053,21.701,21.673,21.569,21.338,21.053,20.718,20.423,20.332,20.123,19.859,19.479,18.942,18.448,18.092,17.869,17.692,17.577,17.47,17.298,17.152,..
Sweden,SWE,"Birth rate, crude (per 1,000 people)",SP.DYN.CBRT.IN,13.5,12.8,11.7,10.8,10.2,10.1,10,10.2,10.3,10.7,11.1,11.2,11.2,11.7,11.7,11.9,12,12.3,11.8,11.9,11.8,11.9,11.7,11.8,11.5,11.4,11.1,10.9,11,10,9.5,9.3,..
Switzerland,CHE,"Birth rate, crude (per 1,000 people)",SP.DYN.CBRT.IN,12.1,11.9,11.7,11.7,11.4,11.1,11,10.9,10,9.9,9.8,9.9,9.8,9.8,9.9,10,10.1,10.3,10.2,10.3,10.2,10.4,10.5,10.5,10.3,10.3,10,9.9,10.3,9.4,9,8.7,..
Syrian Arab Republic,SYR,"Birth rate, crude (per 1,000 people)",SP.DYN.CBRT.IN,34.997,34.585,33.986,33.253,32.454,31.952,31.548,31.204,30.744,30.133,29.577,29.117,28.828,28.273,29.074,30.464,29.249,28.673,28.11,27.722,26.868,23.784,21.298,19.619,19.585,18.932,19.717,20.64,21.172,21.234,22.107,23.162,..
Tajikistan,TJK,"Birth rate, crude (per 1,000 people)",SP.DYN.CBRT.IN,39.739,38.792,37.707,31.947,32.919,33.135,31.596,29.109,29.267,29.183,28.951,29.889,29.27,29.227,29.927,30.57,31.411,31.984,32.205,32.012,32.145,32.233,31.994,30.941,29.65,29.459,29.168,28.361,27.744,27.043,26.124,25.333,..
Tanzania,TZA,"Birth rate, crude (per 1,000 people)",SP.DYN.CBRT.IN,41.727,41.522,41.897,42.349,42.054,42.143,41.804,41.528,41.398,41.171,41.335,41.527,41.465,40.973,40.168,39.579,39.162,38.756,38.108,38.102,38.408,38.355,37.622,37.632,37.611,37.335,36.883,36.437,36.015,35.637,35.222,34.801,..
Thailand,THA,"Birth rate, crude (per 1,000 people)",SP.DYN.CBRT.IN,18.744,18.238,17.676,17.254,16.83,16.277,15.585,15.027,14.665,14.335,14.053,13.82,13.488,13.208,12.926,12.525,12.188,12.009,11.943,11.758,11.367,10.95,10.594,10.111,9.765,9.4,9.056,8.792,8.544,8.38,8.245,8.116,..
Timor-Leste,TLS,"Birth rate, crude (per 1,000 people)",SP.DYN.CBRT.IN,42.092,41.956,41.718,41.343,41.023,40.689,46.845,38.642,38.039,37.998,38.365,37.526,36.236,35.061,34.046,33.097,32.25,31.488,30.679,29.794,28.962,28.055,27.06,26.15,25.251,24.481,23.855,23.352,22.73,22.424,22.077,21.768,..
Togo,TGO,"Birth rate, crude (per 1,000 people)",SP.DYN.CBRT.IN,42.085,38.156,38.564,38.504,38.734,38.075,37.749,37.719,37.818,37.873,37.849,37.692,38.169,38.741,39.184,39.326,39.397,39.292,38.525,37.494,36.722,36.337,36.098,36.002,35.738,35.431,34.907,34.251,33.695,33.129,32.643,32.061,..
Tonga,TON,"Birth rate, crude (per 1,000 people)",SP.DYN.CBRT.IN,32.659,32.173,31.432,30.58,29.847,29.749,29.638,29.396,29.364,29.549,29.887,29.997,30.013,29.519,29.038,28.717,28.398,28.008,27.656,27.277,26.866,26.391,25.834,25.229,24.514,24.144,23.849,23.634,23.507,23.35,23.117,23.04,..
Trinidad and Tobago,TTO,"Birth rate, crude (per 1,000 people)",SP.DYN.CBRT.IN,18.288,17.614,16.712,16.053,15.514,15.146,15.019,14.869,14.731,14.528,14.407,14.286,14.33,14.39,14.372,14.287,14.221,14.087,13.928,13.749,13.51,13.289,13.031,12.804,12.491,12.06,12.088,11.647,11.291,10.987,10.708,10.543,..
Tunisia,TUN,"Birth rate, crude (per 1,000 people)",SP.DYN.CBRT.IN,23.668,22.434,21.041,19.762,18.706,17.735,16.904,16.549,16.227,16.036,16.249,16.333,16.496,16.612,16.769,17.008,17.303,17.94,18.892,19.58,19.755,19.658,19.415,18.954,18.168,17.344,16.82,15.787,13.999,14.124,13.748,13.37,..
Turkiye,TUR,"Birth rate, crude (per 1,000 people)",SP.DYN.CBRT.IN,24.443,24.267,24.108,23.743,23.543,23.264,22.646,21.42,20.593,19.531,18.949,18.857,18.794,18.686,18.4,18.2,17.6,17.2,16.9,17.2,17,17.5,17.1,16.6,16.2,15.4,14.4,13.4,12.9,12.2,11.2,11,..
Turkmenistan,TKM,"Birth rate, crude (per 1,000 people)",SP.DYN.CBRT.IN,30.789,29.461,28.276,26.588,25.717,24.876,24.113,23.717,23.207,22.582,22.445,22.76,23.264,23.663,24.038,24.442,25.055,25.713,26.298,26.876,27.351,27.466,27.466,26.941,26.272,25.502,24.839,24.12,23.348,22.635,21.74,20.906,..
Turks and Caicos Islands,TCA,"Birth rate, crude (per 1,000 people)",SP.DYN.CBRT.IN,25.044,24.637,24.423,24.232,23.853,23.492,23.12,22.632,21.896,20.631,19.616,18.882,18.287,17.721,17.155,16.434,15.671,14.898,14.192,13.443,13.001,12.905,12.665,12.785,12.692,12.511,12.066,11.671,11.198,10.981,10.738,10.539,..
Tuvalu,TUV,"Birth rate, crude (per 1,000 people)",SP.DYN.CBRT.IN,32.596,31.549,30.849,29.836,29.031,28.388,27.635,26.641,25.597,24.464,23.632,23.09,22.746,22.438,21.859,21.685,21.876,22.175,22.54,22.887,22.831,22.975,23.339,23.76,24.284,24.927,24.867,24.632,24.35,24.084,23.075,21.969,..
Uganda,UGA,"Birth rate, crude (per 1,000 people)",SP.DYN.CBRT.IN,50.469,50.502,50.609,49.531,49.591,48.839,48.675,48.247,47.915,47.446,46.962,46.508,45.833,45.184,44.524,43.784,43.381,42.889,42.22,41.419,40.551,39.714,39.007,38.279,37.944,37.673,37.212,36.803,36.342,35.8,35.201,34.436,..
Ukraine,UKR,"Birth rate, crude (per 1,000 people)",SP.DYN.CBRT.IN,10.889,10.229,9.697,9.247,8.821,8.401,7.89,7.823,7.779,8.113,8.546,8.959,9.12,9.787,10.202,11.014,11.201,10.915,11.054,11.419,11.172,10.632,9.802,9.614,8.779,8.125,7.823,7.555,6.977,5.679,5.625,5.466,..
United Arab Emirates,ARE,"Birth rate, crude (per 1,000 people)",SP.DYN.CBRT.IN,21.398,21.309,18.739,17.339,16.205,16.002,16.378,16.314,15.978,15.779,15.647,15.115,14.343,12.292,11.127,9.999,11.083,11.249,11.372,11.678,11.819,11.471,11.02,10.747,10.661,10.248,10.094,10.465,9.279,9.295,9.774,9.819,..
United Kingdom,GBR,"Birth rate, crude (per 1,000 people)",SP.DYN.CBRT.IN,13.2,13,12.6,12.6,12.5,12.3,11.9,11.5,11.3,11.3,11.7,11.9,12,12.3,12.6,12.9,12.7,12.9,12.8,12.8,12.1,12,11.9,11.8,11.4,11,10.645,10.204,10.241,10.1,10.023,9.892,..
United States,USA,"Birth rate, crude (per 1,000 people)",SP.DYN.CBRT.IN,15.4,15,14.6,14.4,14.2,14.3,14.2,14.4,14.1,14,14.1,14,14,14.3,14.3,14,13.5,13,12.7,12.6,12.4,12.5,12.4,12.2,11.8,11.6,11.4,10.9,11,11,10.7,10.6,..
Uruguay,URY,"Birth rate, crude (per 1,000 people)",SP.DYN.CBRT.IN,17.569,17.737,17.594,17.318,17.025,16.57,16.382,15.952,15.695,15.644,15.275,15.078,15.096,14.829,14.613,14.449,14.328,14.246,14.052,14.208,14.336,14.235,14.302,13.726,12.707,11.687,10.894,10.41,10.071,9.958,9.871,9.802,..
Uzbekistan,UZB,"Birth rate, crude (per 1,000 people)",SP.DYN.CBRT.IN,31.497,29.875,29.024,27.547,25.815,24.055,22.805,21.737,21.097,20.901,20.464,20.605,20.404,20.919,22.233,23.155,23.144,22.449,21.929,21.959,22.989,23.846,23.982,23.513,23.196,24.007,24.722,25.634,26.45,26.524,26.465,25.557,..
Vanuatu,VUT,"Birth rate, crude (per 1,000 people)",SP.DYN.CBRT.IN,37.277,36.344,35.35,34.312,33.34,32.771,32.397,32.312,32.279,31.808,31.554,31.408,31.235,31.373,31.851,32.495,32.777,32.951,33.094,33.172,33.235,33.085,32.788,32.506,32.083,31.429,30.717,29.941,29.334,28.673,28.05,27.651,..
"Venezuela, RB",VEN,"Birth rate, crude (per 1,000 people)",SP.DYN.CBRT.IN,27.074,26.498,25.957,25.484,25.057,24.635,24.23,23.681,23.599,23.282,22.939,22.42,22.373,22.104,21.512,21.058,20.555,20.276,20.197,19.94,19.475,19.055,18.604,18.262,17.931,17.33,16.299,15.542,15.219,15.025,15.087,15.231,..
Viet Nam,VNM,"Birth rate, crude (per 1,000 people)",SP.DYN.CBRT.IN,26.094,24.452,22.727,21.012,19.573,18.254,17.591,18.018,18.123,18.095,18.151,17.996,17.369,17.249,17.537,17.664,17.528,17.409,17.588,17.892,17.888,18.671,18.498,17.313,16.764,15.438,15.513,15.234,14.735,14.272,13.831,13.423,..
Virgin Islands (U.S.),VIR,"Birth rate, crude (per 1,000 people)",SP.DYN.CBRT.IN,20.9,19.8,18.7,17.6,17.2,18,16.1,14.4,13.1,15.1,14,14.5,14.8,13.2,16.4,15.8,15.3,14.8,13.8,13.1,13.1,13.2,13.2,13,12.8,12.6,12.3,12.1,11.8,11.6,11.4,11.1,..
West Bank and Gaza,PSE,"Birth rate, crude (per 1,000 people)",SP.DYN.CBRT.IN,44.14,43.78,43.42,43.06,42.7,42.1,41.4,40.9,40.2,39.6,38.8,38.1,37.3,36.7,35.855,33.887,34.019,34.543,34.083,33.371,32.9,32.782,32.87,32.274,31.432,30.529,29.708,28.877,28.225,27.575,27.062,26.465,..
"Yemen, Rep.",YEM,"Birth rate, crude (per 1,000 people)",SP.DYN.CBRT.IN,48.571,47.342,45.894,43.189,42.638,41.872,41.474,40.859,40.164,39.579,39.37,38.911,38.39,38.152,37.529,36.918,36.561,35.609,34.708,35.166,35.483,35.738,35.938,36.034,36.067,36.046,35.947,35.895,35.668,35.407,35.209,34.359,..
Zambia,ZMB,"Birth rate, crude (per 1,000 people)",SP.DYN.CBRT.IN,46.632,46.73,46.755,46.578,46.308,46.184,45.901,45.465,44.774,44.332,43.945,43.921,43.838,43.681,43.178,42.632,42.034,41.393,40.661,39.864,38.983,38.114,37.344,36.617,35.938,35.464,35.006,34.408,33.93,33.542,33.081,32.724,..
Zimbabwe,ZWE,"Birth rate, crude (per 1,000 people)",SP.DYN.CBRT.IN,32.379,32.025,31.665,32.405,33.372,34.47,35.615,36.128,36.463,36.539,36.613,36.326,35.803,35.203,35.651,36.361,37.518,37.869,38.142,37.805,36.975,35.407,33.918,32.704,31.813,31.327,31.121,30.988,30.932,30.882,30.41,29.891,..
Africa Eastern and Southern,AFE,"Birth rate, crude (per 1,000 people)",SP.DYN.CBRT.IN,42.9826722285698,42.4236340641434,42.6384391885252,42.3683813665071,41.9516000432934,41.5510360406576,41.3742627385695,41.0069580245934,40.7403683554937,40.4187327770082,40.1466747369261,40.0101592364679,39.8397725808244,39.5597498245471,39.198574291596,38.9724856893111,38.441366401009,37.9573871547594,37.4406949745048,36.8771687678733,36.3463694285916,35.9315290327129,35.4551248840719,35.067865907406,34.8139923266308,34.5838072226713,34.3358814354219,34.0106527093665,33.6813361926573,33.3206055705507,32.9554537670713,32.5841148225913,..
Africa Western and Central,AFW,"Birth rate, crude (per 1,000 people)",SP.DYN.CBRT.IN,44.3774716769802,44.0449994261916,43.857966416351,43.6396033847164,43.3687268912372,43.1585281413982,43.2303018031336,43.3544216793552,43.2237157761079,43.0251573417672,42.8802328423466,42.6648370127461,42.5918975901353,42.4067492315572,42.1258964160952,41.9359553377876,41.7113228954049,41.4821147322908,41.1637896186373,40.6874754816433,40.0934392242812,39.5109751965817,38.7702257999249,37.888266121846,36.9912627346545,36.0827570648421,35.2127874693194,34.4505039906675,34.1322408997815,33.7805493318907,33.4825966114445,33.1215644792648,..
Arab World,ARB,"Birth rate, crude (per 1,000 people)",SP.DYN.CBRT.IN,33.5437536346908,32.9455529630886,32.0321661804223,31.2358520790146,30.7165092925245,30.2788626766876,29.8760274793931,29.4834712748327,29.1135988170212,28.7348213504792,28.5657733900258,28.3974113432935,28.3268115025882,28.3445733481459,28.4073640124997,28.3600440415312,28.341481251284,28.409109617044,28.3486644960016,28.3680014769434,28.1418909219337,27.821503842211,27.3846249262358,26.6544210388378,26.2506754918238,25.3797481096521,24.7918834648583,24.4078786443566,23.8889735225159,23.5428272158261,23.4374020249449,23.1639673970744,..
Caribbean small states,CSS,"Birth rate, crude (per 1,000 people)",SP.DYN.CBRT.IN,23.2971904694208,22.7275833464849,22.2050586722523,21.6181023975343,21.1995970378642,20.625887378345,20.38950744326,20.0275200813704,19.5772228017598,18.9073132908463,18.3752187097475,17.9567096086355,17.8212553056352,17.7231377053221,17.6667803593931,17.5743616907388,17.4478235474266,17.0888659043666,16.8913248517593,16.7821916040057,16.6663120117942,16.5074471863827,16.2299249949759,15.9132858516036,15.5691487501546,15.2309102593713,15.1925253296434,14.8023113464843,14.4492017486734,14.3615631877722,14.2038290968127,14.052090617,..
Central Europe and the Baltics,CEB,"Birth rate, crude (per 1,000 people)",SP.DYN.CBRT.IN,11.8186512087884,11.326632862636,10.5174348149625,10.3266322736699,10.1235006040329,9.83281941853016,9.71222388937357,9.77092743419176,9.43689219382705,9.27703769430054,9.28417867874175,9.49946853674401,9.76067384088354,9.95849846965394,10.2076348610633,10.7450559900911,10.7825508634384,10.5442007818566,9.97322278608419,9.97089610866382,9.6439670558467,9.9422267371768,9.89399484042285,10.1605234636031,10.398034206444,10.1298751914796,9.93985304013456,9.71712745968234,9.54356119967269,8.85454642893606,8.10014837642212,7.47191716196893,..
Early-demographic dividend,EAR,"Birth rate, crude (per 1,000 people)",SP.DYN.CBRT.IN,31.0905900336827,30.5032218320903,29.8916449860404,29.284818805055,28.7830948888471,28.2955357627657,27.8556860838956,27.4813556560598,27.1125217472737,26.5614319368417,26.0109353904014,25.5351208911517,25.0682540596777,24.6818952567978,24.3482660496965,24.1025275311294,23.8130129461886,23.424007238523,23.0999021557234,22.7700305877119,22.3264312151907,21.7402385820857,21.4664982629771,21.10869158375,20.5510351475921,20.2311354690886,19.7367851968491,19.2516149531206,18.981941767367,18.7811907615742,18.5611832812997,18.3501731169645,..
East Asia & Pacific,EAS,"Birth rate, crude (per 1,000 people)",SP.DYN.CBRT.IN,19.4327662727353,19.089701535224,18.566841228795,18.3280489554137,17.894548469994,17.0947551797837,16.3028077638513,15.8526621335661,15.3108908637532,14.861903172615,14.4808815930757,14.3251714587821,14.3056929493526,14.1359413520813,14.167133789292,14.1405032143089,13.9652974713952,13.9008902188822,14.7515134536388,15.5022669586538,14.3958361536487,14.7816075396243,13.5796052513996,14.3263871013016,13.5591013960284,12.2896392340449,11.8749363756464,10.5938871727252,9.86554120516231,9.33099893192775,9.0152776975284,9.18235436226649,..
East Asia & Pacific (excluding high income),EAP,"Birth rate, crude (per 1,000 people)",SP.DYN.CBRT.IN,20.39043762202,19.9737054005704,19.4177266381438,19.1669509443375,18.7077833078408,17.8576249273973,16.9839626836644,16.4457113041847,15.9302029150157,15.474267945178,15.0812694347815,14.9277249100667,14.9466451331386,14.7227490507555,14.7224001203398,14.7019205282667,14.5308010386388,14.4584262701635,15.4054887168982,16.2269115674342,15.048549393679,15.4822755054172,14.1363268812179,15.0026815641465,14.190472931487,12.8048408487262,12.3838921790286,10.9968752236907,10.1981100369895,9.63847112856389,9.32715749382873,9.52454944258209,..
East Asia & Pacific (IDA & IBRD countries),TEA,"Birth rate, crude (per 1,000 people)",SP.DYN.CBRT.IN,20.3909269735444,19.9679544653296,19.4054063146151,19.1556423158905,18.6987038331049,17.8443389340211,16.9671276824965,16.431581968498,15.9175905779861,15.4667866666519,15.0782387277398,14.9320745103376,14.960289917537,14.7319240283008,14.7336844931996,14.7120509239342,14.5454011359441,14.4734614812328,15.4328344247374,16.2640340573922,15.070085700875,15.508521826042,14.1454063960717,15.0221664930098,14.199530081271,12.7971568955179,12.371239905824,10.9671214462471,10.1599252338034,9.59471687740523,9.28196397960318,9.48287249080479,..
Euro area,EMU,"Birth rate, crude (per 1,000 people)",SP.DYN.CBRT.IN,10.9293743622404,10.5620815685228,10.4415493418385,10.53332754562,10.5818658656965,10.4525967551126,10.4632632585854,10.6147461228777,10.3762887164229,10.3147836441694,10.324978117442,10.384854519245,10.2753352081178,10.3668507627587,10.3525069124433,10.5287315640381,10.3402836626249,10.3330462919126,10.1370294032683,9.97743506521047,9.72772580346601,9.78712222784572,9.66967603968806,9.72052562652256,9.47308382462224,9.2814328691922,9.10435506954367,8.88821887985947,9.00505843965657,8.61012286872761,8.12450186021825,7.95874166496792,..
Europe & Central Asia,ECS,"Birth rate, crude (per 1,000 people)",SP.DYN.CBRT.IN,13.2859416050185,12.9407577599207,12.6131075013181,12.3483296546908,12.1684909724539,12.0099914471813,11.7337039980897,11.6949094925194,11.5236462125264,11.5494234746255,11.6801683874126,11.8599211735849,11.8419853434858,12.0432818254215,12.3347055105943,12.7096249172737,12.6790177839389,12.6818676713129,12.5252978146713,12.6570391277136,12.4800048380234,12.6284579706212,12.4922692205997,12.3801634948232,11.8989187353903,11.6114079482386,11.2868569181668,11.0137464811104,10.9772616838422,10.4567058232596,10.017754981454,9.75058646560944,..
Europe & Central Asia (excluding high income),ECA,"Birth rate, crude (per 1,000 people)",SP.DYN.CBRT.IN,20.1845884356753,19.5192430113706,19.0596343625449,18.2554564331319,17.8171197484074,17.4101442053,16.7841234446913,16.1707306028675,15.8395805200332,15.6237690674175,15.6597117162747,15.9882319033094,16.0785405143134,16.4541656439665,16.8084226333886,17.2432113945963,17.2446955050532,17.1324316150908,17.0426964208061,17.308063640134,17.36029997719,17.6398684972383,17.3162319988965,16.937344244738,16.3172263314182,16.0639720483463,15.7277285333239,15.3757771794939,15.1868562092634,14.6300533746995,14.2197956945118,13.8331339576404,..
Europe & Central Asia (IDA & IBRD countries),TEC,"Birth rate, crude (per 1,000 people)",SP.DYN.CBRT.IN,15.0930301848057,14.7577968424206,14.3234214248991,13.7956384272154,13.4558350748649,13.2708389270017,12.7837534494064,12.6315500699699,12.5215215966904,12.6188480749247,12.8140015449528,13.0905642983861,13.1222999829906,13.3895019248014,13.941262256551,14.5017319762923,14.6267603405095,14.6131299752721,14.5017525479145,14.8812360446595,14.8216837252788,15.0619198975046,14.8892008705409,14.6166321458278,13.911757448385,13.5502333863517,13.1003483145223,12.7960346904387,12.6011391056002,11.984680670147,11.545259246931,11.199002709273,..
European Union,EUU,"Birth rate, crude (per 1,000 people)",SP.DYN.CBRT.IN,11.1991593335913,10.8227197362523,10.5138861136311,10.5138306132435,10.489954774627,10.3385425645077,10.3193436893671,10.4601293085186,10.2182025178045,10.1405489889134,10.1566165986821,10.248175728541,10.2159851116368,10.3430954072912,10.3781524146244,10.6244976753996,10.4780540853965,10.432756306775,10.1310621724031,10.015845476789,9.74925547870642,9.86181981646927,9.75710673880555,9.86339180758247,9.72332497513142,9.51479760804951,9.33480478849753,9.11978449795392,9.17631889285462,8.70665008762146,8.1687954134924,7.90904617792167,..
Fragile and conflict affected situations,FCS,"Birth rate, crude (per 1,000 people)",SP.DYN.CBRT.IN,39.0699111061386,38.7460437370599,38.8246923338889,38.6206427476493,38.2825451640995,37.9580648550984,37.9504542208901,37.9432313962306,37.7804450997775,37.5817250056546,37.4194004533204,37.2434314684901,37.0820067389086,36.9731827398737,36.7912183699902,36.648277124411,36.4298164726294,36.2015725312498,35.9776126766736,35.5885874400495,35.1319033320662,34.726503053077,34.2512448272517,33.7288596141164,33.2494815274795,32.8100414072448,32.4239619593516,32.010357519362,31.7803609609863,31.546689024816,31.3976209076024,31.117844531949,..
Heavily indebted poor countries (HIPC),HPC,"Birth rate, crude (per 1,000 people)",SP.DYN.CBRT.IN,45.3617463912464,45.0268590943791,44.9645990889361,44.7025528203653,44.3137257425111,43.912228771298,43.7135955283395,43.4347786562114,42.9978918328198,42.5455539641805,42.2005655407954,41.9255511239765,41.6471014039103,41.298161153188,40.8770901707472,40.434815748419,40.0629998691629,39.7036060458156,39.2152454952937,38.7289071934932,38.2283501002128,37.7658170521087,37.3638652252655,36.9415625443388,36.5644190797958,36.1989736472417,35.8012819260814,35.3619687585066,34.9691331602267,34.6009622715465,34.218031259806,33.8356774686417,..
High income,HIC,"Birth rate, crude (per 1,000 people)",SP.DYN.CBRT.IN,12.8331750843803,12.6362954336256,12.3195953376885,12.1710616241168,11.9934085735801,11.8803605227177,11.7227558063042,11.8706979395201,11.5749545757299,11.4948470539843,11.5276069575516,11.5181589298306,11.4246550067803,11.612885484503,11.8176020809104,11.9143812526722,11.7362462428987,11.6153389480862,11.4584898363084,11.50594321405,11.2178127975265,11.2843229716766,11.2007387797344,11.0817219543169,10.6755185797388,10.3936753623345,10.0494664212989,9.67737523141696,9.64647030830216,9.31782512240057,8.99577599783301,8.85647598532752,..
IBRD only,IBD,"Birth rate, crude (per 1,000 people)",SP.DYN.CBRT.IN,23.4282585952296,22.950605323794,22.4239295754892,22.029795756134,21.5931394689259,21.0173217909197,20.4004361362684,20.0385267701878,19.6674142487044,19.2511313882636,18.873545355793,18.6604150308674,18.4618827922537,18.1787800446877,18.0434665844457,17.9743578469634,17.8127698950141,17.6193489680463,17.9071940574554,18.1719992504154,17.4512447574714,17.3670897994585,16.6496907905766,16.8430307323418,16.1346967783784,15.3431997893512,14.8355847924007,13.9229224501835,13.4169880144104,13.0325092624332,12.7697478437702,12.7572185694268,..
IDA & IBRD total,IBT,"Birth rate, crude (per 1,000 people)",SP.DYN.CBRT.IN,26.9804949799267,26.5513998110908,26.1008541461494,25.7247309572857,25.3258948246342,24.8223462592866,24.3358990594967,24.03377745918,23.702291649597,23.3262331608555,22.9900324223697,22.7703910123299,22.5826303210207,22.3550955664974,22.242425598375,22.1819316893486,22.030193898703,21.8389442826173,21.9876108839821,22.1175434951372,21.5105632511107,21.3779452960404,20.7696533730419,20.8265313440659,20.2377884421262,19.6036860105444,19.1831243914814,18.468165740747,18.0919504985354,17.800855296821,17.5863365939956,17.5319742377319,..
IDA blend,IDB,"Birth rate, crude (per 1,000 people)",SP.DYN.CBRT.IN,41.2233761150941,40.6965948480838,40.2855324594603,39.8149629715392,39.2894117205722,38.8670405189644,38.838680938333,38.6406378267359,38.2869842199961,37.8943246821106,37.5609124318051,37.0255652706779,36.8093184158841,36.8229826355316,36.8207227915745,36.9311607320553,36.8180713312127,36.5645439658466,36.1120362131427,35.5252376619867,34.9777785867337,34.4502432134715,33.7786659783841,32.9406147347525,32.3391161912658,31.7360320683307,31.1508026339009,30.6297477169557,30.4394682110818,30.1488907502825,29.8590294408864,29.4433403565019,..
IDA only,IDX,"Birth rate, crude (per 1,000 people)",SP.DYN.CBRT.IN,40.2073357109377,39.8610853878491,39.5732890852426,39.0926591517904,38.7238984927616,38.3312714525175,38.0663432913901,37.7736267059933,37.3990407733761,36.9656662451281,36.5637715560461,36.2084676319618,35.8202082248829,35.462042293686,35.1080393307676,34.7132257580241,34.3149284343893,33.8992956140414,33.4664404610269,33.1410706625473,32.8454440667784,32.5156367578665,32.23493967826,31.9580769691172,31.687858822517,31.4842183163672,31.2662029813411,30.9964629806128,30.7486265687113,30.5205178686519,30.2271877557965,29.9051827684598,..
IDA total,IDA,"Birth rate, crude (per 1,000 people)",SP.DYN.CBRT.IN,40.5580102352987,40.1495796731292,39.8194242360673,39.3425420724532,38.919770375295,38.5170786442245,38.3344794349409,38.0751235184546,37.7084588076286,37.2894980953113,36.911657507577,36.4939213054001,36.1661595221041,35.9384765913734,35.7087209431297,35.4929493206677,35.196898984392,34.8403633422571,34.4017999135235,33.9843576727529,33.6000330233019,33.2001605998046,32.7807946393243,32.3049383252753,31.9173706552623,31.5728056861909,31.2256929283445,30.8679937875199,30.6404900256045,30.390724910725,30.0988754880352,29.7445870900098,..
Late-demographic dividend,LTE,"Birth rate, crude (per 1,000 people)",SP.DYN.CBRT.IN,18.4533709112403,18.0458048495669,17.4835942666155,17.1850132038775,16.7593725434982,16.0395234848634,15.2210208075136,14.7723609025469,14.2768529672207,13.8909224400171,13.5744987014806,13.4654168851534,13.4425441754759,13.2051712938686,13.253868338809,13.3107350342136,13.1738035913296,13.1088339965958,13.91616414412,14.736412355595,13.7220502397054,14.2374062561798,13.0435909636803,13.8326952657499,13.0931538825197,11.8591117020799,11.4418954543081,10.1416311612665,9.40117411079471,8.80000168275254,8.44577634489003,8.56909069341228,..
Latin America & Caribbean,LCN,"Birth rate, crude (per 1,000 people)",SP.DYN.CBRT.IN,25.7025607544041,25.2320884286785,24.7653048433989,24.2303507716484,23.77388424407,23.3245259372621,22.8079091937596,22.2663950644305,21.7080301027148,21.1792095241984,20.6475471937333,20.2629902136666,19.9041593271576,19.4868885473873,19.1318597756527,18.8735333790398,18.6226653500178,18.3429809922614,18.1319263086019,17.8253581505693,17.5716003681687,17.3468130030399,17.0063233322496,16.4953458816848,16.2116395298334,15.9737670052658,15.5087015507488,14.9391191354951,14.6690051013955,14.4233484168104,14.1979093719053,14.0283126350115,..
Latin America & Caribbean (excluding high income),LAC,"Birth rate, crude (per 1,000 people)",SP.DYN.CBRT.IN,25.9868959265953,25.5192665040166,25.049053910518,24.5099638136651,24.0641020898388,23.6150357500404,23.0871773263656,22.528196880408,21.939137310136,21.4054280122921,20.8566579825669,20.4699905607554,20.0767901171622,19.6434860053535,19.2725820765612,19.0011568945132,18.7511019507931,18.4714744410066,18.2446555927215,17.9283714811262,17.68444625645,17.4639576426995,17.1254163368736,16.6015542680984,16.352962633854,16.1393914301022,15.7203555099389,15.1753094485552,14.9365918972326,14.6557406646828,14.4295048061447,14.245861710441,..
Latin America & the Caribbean (IDA & IBRD countries),TLA,"Birth rate, crude (per 1,000 people)",SP.DYN.CBRT.IN,26.0508506130525,25.5766660683602,25.0988178591282,24.5561953754078,24.0689021631944,23.6093245640904,23.0796977336948,22.5327748977351,21.9720331720367,21.4289282970222,20.8926550859751,20.5119379495093,20.1547871870532,19.7419800799959,19.3739461426813,19.0880654888619,18.8160084145168,18.5321129335573,18.3080112969335,18.0044318186042,17.7468132580024,17.5216615605543,17.1739187108579,16.6639441787496,16.3803114441686,16.1353180843437,15.6680245163605,15.092873512777,14.8230781747136,14.5725229152132,14.3402558062441,14.1676899312558,..
Least developed countries: UN classification,LDC,"Birth rate, crude (per 1,000 people)",SP.DYN.CBRT.IN,41.494327088357,41.1694986497778,40.8968813397275,40.504359334049,40.1518427069719,39.7411276213212,39.4799964624557,39.1741719029534,38.7732525950178,38.3211101377726,37.9092258867188,37.538727182884,37.1232841337938,36.7452890473035,36.3499016796779,35.8943881346138,35.4881167782799,35.0349260106176,34.5667858261506,34.2109513833248,33.8899145392027,33.6039042924555,33.3523917136395,33.1197763659376,32.8730584036001,32.6586341028012,32.4264393065295,32.1625871471818,31.9178342587386,31.6889568127959,31.3835767547787,31.0454387210947,..
Low & middle income,LMY,"Birth rate, crude (per 1,000 people)",SP.DYN.CBRT.IN,27.5397051842298,27.0744685541508,26.6089172325495,26.2118433436622,25.7953264959362,25.2544501214558,24.7459477264821,24.4043359716854,24.0377045306736,23.6158868241629,23.2425305671938,22.995050589572,22.7896938263272,22.5478788192425,22.4042808721402,22.32435864412,22.1690786084187,21.973647352519,22.1447822377134,22.2761330268043,21.6536440029212,21.5070074197246,20.8636330241233,20.9262430774042,20.3328898449482,19.6738726407172,19.2473048717604,18.5040801278022,18.1177919061627,17.8317771289321,17.6233797272984,17.5767165605589,..
Low income,LIC,"Birth rate, crude (per 1,000 people)",SP.DYN.CBRT.IN,44.3162991383094,44.020610421768,44.109577206775,43.73748520638,43.3322973959185,42.9184757076257,42.7695580150632,42.5409370627701,42.0975529628839,41.6425026662751,41.336449868411,41.0449082105955,40.7397764980473,40.549551931408,40.3461478845721,40.1592938128965,39.9081743318279,39.5889296090147,39.1605716829378,38.8283230619325,38.4343558211306,37.9643022431909,37.5411262002738,37.0878181228359,36.7989255108424,36.418367985034,36.0816639942168,35.7414548135762,35.4575788411343,35.1642353579781,34.8719620388889,34.5512240562129,..
Lower middle income,LMC,"Birth rate, crude (per 1,000 people)",SP.DYN.CBRT.IN,33.1317510062311,32.6170615611564,32.0763685894105,31.5024845070735,31.0064629908174,30.5511956305864,30.1847203718714,29.9650445603147,29.6831192275753,29.1762877894179,28.6507380626666,28.1256855777801,27.5705745044307,27.157705481854,26.8022509307884,26.5656992460284,26.3494823620824,25.9554689434431,25.5715381191709,25.2016649235233,24.7688232836024,24.1378774916205,23.8728301153389,23.4530872087792,22.8290760086899,22.4632146073091,21.9567930328921,21.4577817098943,21.1898929518099,21.0265527270346,20.8173278710936,20.5834868818816,..
"Middle East, North Africa, Afghanistan & Pakistan",MEA,"Birth rate, crude (per 1,000 people)",SP.DYN.CBRT.IN,34.2960551185905,33.3170758969399,32.2653023237275,31.3897917358563,30.7497907411955,30.2809021897867,29.9964532327355,29.5966344581709,29.0498427330156,28.5431375568219,28.3033272947415,27.8998398583134,27.7435927588805,27.8895107368461,28.0141644684164,28.0987768503555,28.1350141808852,28.1800025028621,28.0572676174952,28.0095219985294,27.7664103607918,27.436080761697,26.9712038400832,26.2828895249886,25.8786899971924,25.0440636331911,24.3647190689917,23.9264084185914,23.5441523779331,23.2159925514372,22.9926185900299,22.7052168817107,..
"Middle East, North Africa, Afghanistan & Pakistan (excluding high income)",MNA,"Birth rate, crude (per 1,000 people)",SP.DYN.CBRT.IN,34.6568069447427,33.6532894273116,32.5917601373687,31.711450635251,31.0828933438723,30.6177383381683,30.3621254926963,29.9816810075306,29.4894638677324,29.0242096623337,28.8262131535822,28.4553314209023,28.3271537027387,28.5205717978745,28.6880879988125,28.8340714734558,28.9006051580957,28.9585754888242,28.8463887083179,28.811678727595,28.6084521491627,28.2618389723439,27.8214312021874,27.0985812798696,26.6547242346271,25.7612546856819,25.1064504549323,24.7064449407002,24.3096569566221,24.0326916833302,23.7548730827916,23.4579969557602,..
"Middle East, North Africa, Afghanistan & Pakistan (IDA & IBRD)",TMN,"Birth rate, crude (per 1,000 people)",SP.DYN.CBRT.IN,34.6018033333541,33.5933987253632,32.5263989997596,31.6414855423149,31.00970938206,30.5452313473233,30.292248897203,29.9123311146721,29.4211820581789,28.9565158857258,28.7621430391725,28.3931950629986,28.2691809037303,28.4675775011411,28.641479562607,28.8010167783765,28.8669678661793,28.921715017728,28.8116755453267,28.781313124178,28.5797276085906,28.2314316305073,27.7872710883768,27.0633473954335,26.6220990405908,25.7284410786422,25.0745482854479,24.6773167450328,24.2821040507086,24.0075800789595,23.7312736931717,23.4363993755493,..
Middle income,MIC,"Birth rate, crude (per 1,000 people)",SP.DYN.CBRT.IN,26.4291406274347,25.9398901256147,25.4242326206589,25.0108099746886,24.5796323949163,24.0154302525942,23.4657345473876,23.1014308828969,22.7249313671482,22.2854697201798,21.8855795783007,21.6211969652071,21.4021798546641,21.1326049654279,20.9698351374136,20.8756034167929,20.7051021608821,20.4969846734595,20.696372631316,20.8473525984676,20.187266608418,20.0518560242049,19.3701641965633,19.4578932776749,18.813247926583,18.1018221918534,17.6373594827911,16.8243373916831,16.3962096878064,16.0782681573677,15.8438731653348,15.7914657145941,..
North America,NAC,"Birth rate, crude (per 1,000 people)",SP.DYN.CBRT.IN,15.2208554441106,14.830970721153,14.4312030639903,14.201671346057,13.9525852351568,14.0140542148077,13.8952987120068,14.0368537272308,13.7759553642615,13.6557178698892,13.7554716222146,13.6652065593883,13.6749291765714,13.9746836502616,14.0042451277975,13.753179221073,13.2922452950642,12.8215124185199,12.5309175128241,12.4403673536033,12.2499089784841,12.3395322328043,12.2296621496493,12.0392093334676,11.6485542498253,11.4473668918924,11.2460986480566,10.7555927093283,10.8756272316427,10.8011874179322,10.4975078007854,10.4155427467703,..
Not classified,INX,"Birth rate, crude (per 1,000 people)",SP.DYN.CBRT.IN,..,..,..,..,..,..,..,..,..,..,..,..,..,..,..,..,..,..,..,..,..,..,..,..,..,..,..,..,..,..,..,..,..
OECD members,OED,"Birth rate, crude (per 1,000 people)",SP.DYN.CBRT.IN,15.0891473458257,14.8414292049681,14.493108644527,14.3355957017875,14.148775886901,14.0176353052767,13.831044789967,13.8117011518988,13.4677547651817,13.2476267734013,13.1765495767549,13.0978358622457,12.9646858598145,13.0882262104573,13.1225474872102,13.0968248293709,12.8121410265703,12.6491597579318,12.4093507713269,12.3359228018066,12.0806158749061,12.0796921621507,11.9040064750481,11.7373342518223,11.4243407602044,11.1866144108952,10.9092585356768,10.5234685716628,10.5091174990056,10.2205835491638,9.80770751942867,9.65114320143566,..
Other small states,OSS,"Birth rate, crude (per 1,000 people)",SP.DYN.CBRT.IN,26.1969035308926,25.6176973604416,24.6014903937393,24.1322497495294,23.418065501985,23.0375260646551,23.1632829694462,22.1735367079346,21.805609485409,21.6836884182865,21.5815861635512,21.4077461009527,21.0974346164886,20.8158544763913,20.6708414764083,20.6088167481386,20.3796549254397,20.0007682803259,19.626617446808,19.2959227693754,18.840778612454,18.5111107410794,18.089774330474,17.8073533787527,17.353903470717,16.9817518842396,16.6115908163936,16.3968407826383,16.2189700698196,15.755484099896,15.543984492207,15.275411219546,..
Pacific island small states,PSS,"Birth rate, crude (per 1,000 people)",SP.DYN.CBRT.IN,32.2152620567812,31.8497050239962,31.5900375011437,31.2620541030617,30.688931374134,30.2221804450593,29.7922159824136,29.4166408082363,29.1674677910219,28.9404503866561,28.743096949814,28.5582389153136,28.402605260114,28.346411440733,28.2532714384892,28.1394073825644,27.953919314232,27.6682759641286,27.421320058305,27.2639287387688,27.1259023202938,27.0023917446522,26.6479903531864,26.2100998884492,25.6512668945286,25.1624810049846,24.7085617782218,24.302041626694,24.0146262103917,23.618105175394,23.2645971514459,23.0511877172432,..
Post-demographic dividend,PST,"Birth rate, crude (per 1,000 people)",SP.DYN.CBRT.IN,12.5740216210305,12.3151197098828,11.9989026112627,11.8831421746038,11.7340736844167,11.6374048248668,11.5082618758053,11.6132590935026,11.3031330790406,11.187222305458,11.2204141175928,11.2131996084835,11.1312405122123,11.3721646548946,11.4888366894863,11.5288168879097,11.2879068367981,11.1512938893695,10.9621580217228,10.9104201545635,10.6278776221311,10.637460363546,10.5208887215263,10.4086582621714,10.05130145434,9.81397362065654,9.5674492378594,9.21823068588755,9.25656922968935,8.96782835492863,8.62792099647219,8.50555149107299,..
Pre-demographic dividend,PRE,"Birth rate, crude (per 1,000 people)",SP.DYN.CBRT.IN,45.0804439422307,44.7335800386404,44.8957227324867,44.7213906454723,44.3590130564174,44.0294401143096,43.9659593494433,43.8724820993851,43.5831018917402,43.2455521786262,43.0220000987368,42.8031662588626,42.5788332393346,42.4091847228781,42.1233087245231,41.8307236703348,41.5939469371979,41.2928656883957,40.8840046236104,40.3546585426146,39.7884337009678,39.2311116258345,38.5483178736527,37.8353626692579,37.20873190383,36.5789352887547,35.965305248558,35.3959858215481,35.0659804078131,34.7042123100815,34.3663569834165,33.9978856133636,..
Small states,SST,"Birth rate, crude (per 1,000 people)",SP.DYN.CBRT.IN,26.2186073475088,25.6728694004851,24.879469161631,24.4016051927065,23.7837855908383,23.3492483277978,23.3203014907978,22.5727495645238,22.2018937686007,21.9327445170377,21.715255734107,21.4836161658161,21.2522699998162,21.0486914827158,20.9351838082529,20.861717661563,20.665789394136,20.3081127385179,19.9984553341124,19.7483810107756,19.4198129004139,19.1623228391582,18.7882459931726,18.4820610357374,18.0447879304695,17.667024149625,17.3627809553555,17.0853949269719,16.8572680612763,16.4916489409019,16.2780911663479,16.0487611969353,..
South Asia,SAS,"Birth rate, crude (per 1,000 people)",SP.DYN.CBRT.IN,30.8096222681383,30.3593238612978,29.8171906898639,29.2686571849394,28.8089234736307,28.341376840686,27.8871405111227,27.6664748563005,27.3386728544524,26.6774518771716,25.9274407928793,25.2577252732579,24.4352771431655,23.6989133900521,23.0668436153754,22.5902318467548,22.2277347779279,21.6150994486448,21.1197385497421,20.6605877266549,20.1126540518824,19.2380183836357,19.0886848943518,18.9201325540334,18.2256855005369,18.1475574115529,17.6684782271993,17.1258043209131,16.8988487191844,16.7759229680836,16.5680998096111,16.3681406474684,..
South Asia (IDA & IBRD),TSA,"Birth rate, crude (per 1,000 people)",SP.DYN.CBRT.IN,30.8096222681383,30.3593238612978,29.8171906898639,29.2686571849394,28.8089234736307,28.341376840686,27.8871405111227,27.6664748563005,27.3386728544524,26.6774518771716,25.9274407928793,25.2577252732579,24.4352771431655,23.6989133900521,23.0668436153754,22.5902318467548,22.2277347779279,21.6150994486449,21.1197385497421,20.6605877266549,20.1126540518824,19.2380183836357,19.0886848943518,18.9201325540334,18.2256855005369,18.1475574115529,17.6684782271993,17.1258043209131,16.8988487191844,16.7759229680836,16.5680998096111,16.3681406474684,..
Sub-Saharan Africa,SSF,"Birth rate, crude (per 1,000 people)",SP.DYN.CBRT.IN,43.5431037285979,43.0750816249051,43.1288040775643,42.8797628217314,42.5222052531973,42.1989524007184,42.1228443082817,41.9546230373167,41.7441622698289,41.4735499755794,41.2542278761494,41.0869503769696,40.9572922029435,40.7168673367581,40.3892595794265,40.1786065029246,39.7726613502636,39.3928532384928,38.95818980106,38.4310177189747,37.8742756781256,37.3913115967082,36.8071214661533,36.2183279823425,35.7020340699585,35.1944566166963,34.692523558263,34.1892131697308,33.8640733783928,33.5067172975892,33.1685881120249,32.801320211505,..
Sub-Saharan Africa (excluding high income),SSA,"Birth rate, crude (per 1,000 people)",SP.DYN.CBRT.IN,42.8617280735067,42.3840632004116,42.5048888226678,42.2729188801366,41.9474911754707,41.6814987038466,41.6590857439749,41.5583411983999,41.3895937851529,41.1676420921161,41.0259945417079,40.9086693233104,40.8317902533986,40.6782692106595,40.4295079980853,40.3264598206565,40.0264915121764,39.713129692978,39.33091790539,38.8694935350437,38.3535499750611,37.8425366607437,37.201031004401,36.5461522196323,35.9839077602036,35.3996214483909,34.8235804931322,34.2905128747312,33.9777236189208,33.6331834772857,33.3147197277283,32.9554294066382,..
Sub-Saharan Africa (IDA & IBRD countries),TSS,"Birth rate, crude (per 1,000 people)",SP.DYN.CBRT.IN,43.5431037285979,43.0750816249051,43.1288040775643,42.8797628217314,42.5222052531973,42.1989524007184,42.1228443082817,41.9546230373167,41.7441622698289,41.4735499755794,41.2542278761494,41.0869503769696,40.9572922029435,40.7168673367581,40.3892595794265,40.1786065029246,39.7726613502636,39.3928532384928,38.95818980106,38.4310177189747,37.8742756781256,37.3913115967082,36.8071214661533,36.2183279823425,35.7020340699585,35.1944566166963,34.692523558263,34.1892131697308,33.8640733783928,33.5067172975892,33.1685881120249,32.801320211505,..
Upper middle income,UMC,"Birth rate, crude (per 1,000 people)",SP.DYN.CBRT.IN,20.7989602318271,20.277259579035,19.7283587155853,19.3989730186334,18.970618411911,18.2553502451277,17.4850857899491,16.9298676157619,16.4029773282095,15.9603452892242,15.6135830599906,15.5314658528461,15.5729072686173,15.3843120710323,15.3478088802027,15.3389948887927,15.1629095331579,15.0877357656462,15.8229700074136,16.4619304794469,15.5409894464432,15.8778616935925,14.7383291228639,15.3193432699114,14.6257073651651,13.523298152995,13.0705256861149,11.8855425581382,11.242077086157,10.70587000243,10.3872448002807,10.4840597741549,..
World,WLD,"Birth rate, crude (per 1,000 people)",SP.DYN.CBRT.IN,24.5646158299676,24.1901641467376,23.7869031210755,23.4731093984929,23.1342205966398,22.7085343419545,22.2999107983035,22.0790690274554,21.750412359002,21.4182591422288,21.1420853149997,20.9573312905683,20.7901758078936,20.6413417277101,20.5687588757194,20.5229599322251,20.3627850315245,20.189693266969,20.3022350521889,20.4159804046415,19.8679323506202,19.7735365045965,19.2546165875974,19.2941889191367,18.7582446306401,18.1956623179686,17.8056813371349,17.1516062607456,16.8464329968468,16.5609349756259,16.3357624765609,16.2752929566418,..
,,,,,,,,,,,,,,,,,,,,,,,,,,,,,,,,,,,,
,,,,,,,,,,,,,,,,,,,,,,,,,,,,,,,,,,,,
,,,,,,,,,,,,,,,,,,,,,,,,,,,,,,,,,,,,
Data from database: World Development Indicators,,,,,,,,,,,,,,,,,,,,,,,,,,,,,,,,,,,,
Last Updated: 04/08/2026,,,,,,,,,,,,,,,,,,,,,,,,,,,,,,,,,,,,
